Year,time_sample,status,Pop_in_1000s,Red_in_perc,EnterFe_CH4_emis_org_in_kt,EnterFe_CH4_emis_upd_in_kt_Ym,EnterFe_CH4_emis_upd_in_kt_Ym_DE,Diff_EnterFe_Cat_org_upd_in_kt,DE_Share_on_reduction_potential_in_kt,DE_Share_on_reduction_potential_in_perc,total_CH4_org_pred_in_kt,total_CH4_wo_Cat_EnterFe_in_kt,Cat_EnterFer_pred_in_kt,total_CH4_org_calc_in_kt,total_CH4_upd_Ym_DE_in_kt,ref_2020_in_kt,Prozent_emis_red_compared_2020_org_pred,Prozent_emis_red_compared_2020_upd_pred,ref_2010_in_kt,Prozent_emis_red_compared_2010_org_pred,Prozent_emis_red_compared_2010_upd_pred
2025,5,fit,10361.80779996,10,851.432398961787,766.289159065608,758.150031666223,93.2823672955637,8.13912739938485,-9.55933484479736,1872.80704320599,1020.88893683,851.918106375997,1872.32133579179,1779.03896849622,1959.51024393,4.44952550813649,9.21001949302509,2480.50728165,24.518611590354,28.2792281378497
2025,5,lwr,10026.9806882144,10,794.070112735563,714.663101462007,707.106438369764,86.9636743657997,7.5566630922433,-9.51636759909105,1726.81056368872,882.158601008123,833.775530699506,1676.22871374369,1589.26503937789,1959.51024393,14.4567516839393,18.8947828009078,2480.50728165,32.4239551262804,35.9298377741214
2025,5,upr,10696.6349117055,10,911.155316167814,820.039784551032,811.289007412395,99.8663087554185,8.75077713863698,-9.60404552699254,2018.80352272326,1159.61927265187,870.060682052488,2070.77458881968,1970.90828006427,1959.51024393,-5.67817112640002,-0.581677802888407,2480.50728165,16.5181007877456,20.5441445528334
2025,10,fit,10211.8694665,10,846.079114729053,761.471203256148,753.399203403554,92.6799113254995,8.07199985259433,-9.54047879456203,1780.72986838335,931.327227806003,849.402640577333,1777.40634253506,1684.72643120956,1959.51024393,9.29333755508802,14.0230863080019,2480.50728165,28.3450463667759,32.0813753028413
2025,10,lwr,10030.5892277312,10,821.551427060855,739.39628435477,731.572945740982,89.9784813198732,7.82333861378766,-9.52264016115958,1682.74586576061,835.582929326965,843.149460175923,1657.13435638782,1567.15587506795,1959.51024393,15.4311970799262,20.0230833228586,2480.50728165,33.1937314336156,36.8211540171131
2025,10,upr,10393.1497052689,10,870.973755898926,783.876380309033,775.551354661719,95.4224012372067,8.32502564731408,-9.55829678096542,1878.71387100609,1027.07152628504,855.655820978743,1898.04528218397,1802.62288094676,1959.51024393,3.13675123344903,8.00645791310522,2480.50728165,23.4815678137655,27.3284584051824
2025,15,fit,10565.9005903895,10,870.044641984869,783.040177786382,774.7313446039,95.3132973809691,8.3088331824822,-9.54989293828294,1789.76097421238,917.575014777438,872.185959434952,1787.61965676231,1692.30635938134,1959.51024393,8.77211985495666,13.6362586200497,2480.50728165,27.9333034018265,31.7757955439003
2025,15,lwr,10227.3430664442,10,830.169507306288,747.152556575659,739.228171479598,90.9413358266903,7.92438509606154,-9.5455024863228,1730.3661974108,859.45797595725,852.039969076927,1689.62748326354,1598.68614743685,1959.51024393,13.7729701338628,18.4139938849966,2480.50728165,31.8837926514926,35.5500320735433
2025,15,upr,10904.4581143348,10,910.696528557309,819.626875701579,810.925724512489,99.7708040448202,8.70115118908939,-9.55439151928406,1849.15575101395,975.692053597626,892.331949792976,1886.38858215494,1786.61777811012,1959.51024393,3.73162947229159,8.82324888861675,2480.50728165,23.9514999165762,27.9736934728254
2026,5,fit,10173.34599998,10,839.756725837796,755.781053254016,747.771001358185,91.985724479611,8.01005189583134,-9.53853854262374,1855.75104111799,1014.63886604,841.112175077997,1854.3955918778,1762.40986739818,1959.51024393,5.36433286724677,10.0586550717137,2480.50728165,25.2412760246252,28.949619280059
2026,5,lwr,9745.03371950344,10,767.524723084317,690.772250775886,683.492567204526,84.0321558797911,7.27968357135933,-9.4846242113293,1668.99171700713,837.174424175133,817.904114293415,1604.69914725945,1520.66699137966,1959.51024393,18.1071315023564,22.3955579670865,2480.50728165,35.3076219880304,38.6953224193669
2026,5,upr,10601.6582804565,10,915.830472309695,824.247425078726,815.45973514832,100.370737161375,8.78768993040569,-9.5953238029342,2042.51036522886,1192.10330790486,864.320235862579,2107.93378021456,2007.56304305318,1959.51024393,-7.57452209011558,-2.45228619100277,2480.50728165,15.0200527203296,19.0664321808491
2026,10,fit,9966.61246041462,10,832.220272221217,748.998244999095,741.081906265257,91.1383659559599,7.9163387338383,-9.51231182185626,1731.86350031977,894.380935544541,837.482564775212,1726.60120776576,1635.4628418098,1959.51024393,11.8860841317736,16.5371629530393,2480.50728165,30.3932215584046,34.0674041189708
2026,10,lwr,9758.99408479915,10,804.373492466796,723.936143220117,716.301240353844,88.0722521129522,7.63490286627268,-9.49173852417551,1619.64343927508,784.725984405556,830.320862174926,1589.09947687235,1501.0272247594,1959.51024393,18.9032319787597,23.3978373213842,2480.50728165,35.9365123163313,39.4870865381642
2026,10,upr,10174.2308360301,10,860.546483233044,774.49183490974,766.288380347786,94.2581028852583,8.20345456195378,-9.53284305007402,1844.08356136446,1004.03588668353,844.644267375497,1864.58236991657,1770.32426703132,1959.51024393,4.84446939267016,9.65475824812488,2480.50728165,24.8306028484513,28.6305555267824
2026,15,fit,10395.9048725274,10,861.751955168363,775.576759651527,767.369610630613,94.38234453775,8.20714902091379,-9.52379506851289,1742.62239351984,877.483292704113,865.139100815737,1739.23524787248,1644.85290333473,1959.51024393,11.2413291402723,16.05795843987,2480.50728165,29.8838886408929,33.6888500387473
2026,15,lwr,10024.1623654496,10,818.030909238801,736.227818314921,728.440975406331,89.5899338324703,7.78684290859019,-9.51900817028546,1677.40581531994,813.669694757193,843.018425794302,1631.70060399599,1542.11067016352,1959.51024393,16.729161837733,21.3012192745335,2480.50728165,34.2190762322371,37.8308347824026
2026,15,upr,10767.6473796051,10,906.407473985565,815.766726587008,807.129825189286,99.2776487962792,8.63690139772268,-9.52871820412662,1807.83897171973,941.296890651034,887.259775837172,1847.7043646366,1748.42671584032,1959.51024393,5.70580733832567,10.7722594838969,2480.50728165,25.5110283970813,29.5133407277366
2027,5,fit,9984.88419999995,10,827.81297707582,745.031679368238,737.15253541139,90.6604416644295,7.87914395684743,-9.5180242096226,1838.69503902999,1008.38879525,830.306243779996,1836.20177232582,1745.54133066139,1959.51024393,6.29282097330975,10.9195098076891,2480.50728165,25.9747477498069,29.6296631106731
2027,5,lwr,9460.31093113228,10,740.757581107158,666.681822996443,659.679210956737,81.0783701504217,7.00261203970604,-9.45331133734701,1609.96251464065,791.040130221638,801.882290359136,1531.7977113288,1450.71934117837,1959.51024393,21.8275221538716,25.9652075985677,2480.50728165,38.2465948533775,41.5152153791149
2027,5,upr,10509.4574688676,10,920.599357392979,828.539421653681,819.713569743576,100.885787649403,8.82585191010537,-9.58707155205829,2067.42756341933,1225.73746027836,858.730197200857,2146.33681767134,2045.45103002194,1959.51024393,-9.53435044905093,-4.385829895922,2480.50728165,13.4718598268486,17.5390032049683
2027,10,fit,9721.35545432917,10,818.045354241068,736.240818816961,728.48243823047,89.5629160105976,7.75838058649083,-9.48404699845595,1682.99713225619,857.434643283093,825.56248897309,1675.47999752416,1585.91708151356,1959.51024393,14.4949610386413,19.0656396706126,2480.50728165,32.4541391223148,36.0648084669748
2027,10,lwr,9486.71658505873,10,786.851450513545,708.16630546219,700.722208018642,86.1292424949027,7.44409744354834,-9.46061348516281,1556.17219128009,733.508648443358,817.468726582354,1520.3600989569,1434.230856462,1959.51024393,22.4112196572311,26.806667078938,2480.50728165,38.7076945831185,42.1799376654936
2027,10,upr,9955.99432359961,10,849.849181807278,764.864263626551,756.784402445115,93.0647793621633,8.07986118143572,-9.50740596614239,1809.82207323229,981.360638122829,833.656251363826,1831.20981993011,1738.14504056794,1959.51024393,6.54757607914175,11.2969658641889,2480.50728165,26.175994987928,29.9278396227181
2027,15,fit,10225.9091546652,10,853.298772824382,767.968895541944,759.86466224406,93.4341105803228,8.10423329788443,-9.49753305171148,1695.48381282731,837.391570630789,858.092242196523,1690.69034345517,1597.25623287485,1959.51024393,13.7187290195372,18.4869669437713,2480.50728165,31.8409441503213,35.6076781273395
2027,15,lwr,9820.27769682056,10,805.662314805449,725.096083324904,717.448463912183,88.2138508932653,7.64761941272047,-9.4923385048328,1624.32193279692,767.760569944311,833.954992657888,1573.42288474976,1485.20903385649,1959.51024393,19.7032580144058,24.2050895902563,2480.50728165,36.5685036931986,40.1247863756097
2027,15,upr,10631.5406125099,10,902.045457041762,811.840911337586,803.268866901992,98.7765901397706,8.57204443559454,-9.50289629937984,1766.6456928577,907.022571317267,882.229491735157,1809.06802835903,1710.29143821926,1959.51024393,7.67754167333381,12.7184232122669,2480.50728165,27.0686265772354,31.050739061665
2028,5,fit,9796.42240001994,10,815.604846229727,734.044361606755,726.297899609679,89.306946620049,7.74646199707627,-9.49781261463269,1821.63903694199,1002.13872446,819.500312481996,1817.74357068973,1728.43662406968,1959.51024393,7.23480133259955,11.7924170376818,2480.50728165,26.7188778627334,30.3192279717903
2028,5,lwr,9174.09908439508,10,713.999972441746,642.599975197572,635.872209306937,78.1277631348094,6.72776589063471,-9.42264166709561,1550.28403008759,744.288868406407,785.779781936816,1458.28884084815,1380.16107771334,1959.51024393,25.5789121100278,29.5660187544982,2480.50728165,41.2100560382907,44.3597248061582
2028,5,upr,10418.7457156448,10,925.231073075872,832.707965768285,823.845061293222,101.38601178265,8.86290447506258,-9.57912540226129,2092.99404379639,1259.98858051359,853.220843027176,2185.21965358946,2083.83364180681,1959.51024393,-11.5186644396805,-6.34461586827273,2480.50728165,11.9043241777592,15.9916337588546
2028,10,fit,9476.09844824369,10,803.558304840873,723.202474356786,715.604285291992,87.9540195488817,7.5981890647945,-9.45567859733485,1634.13076419263,820.488351021631,813.642413170968,1624.0466558625,1536.09263631362,1959.51024393,17.1197669982418,21.6083385594948,2480.50728165,34.5276400566657,38.0734478113753
2028,10,lwr,9213.96765606925,10,769.019368719519,692.117431847567,684.866140780804,84.1532279387152,7.25129106676332,-9.42926974497056,1492.44613048761,682.042324157665,804.600329249612,1451.06169287718,1366.90846493847,1959.51024393,25.9477363095112,30.2423414640082,2480.50728165,41.5014136982514,44.8939950690562
2028,10,upr,9738.22924041814,10,838.855450003653,754.969905003288,747.015906037618,91.8395439660351,7.95399896566994,-9.48196613091721,1775.81539789764,958.934377885598,822.684497092324,1797.78982788925,1705.95028392322,1959.51024393,8.2531038835705,12.9399660344844,2480.50728165,27.5232997222493,31.225749807578
2028,15,fit,10055.9134368031,10,844.686754439272,760.218078995345,752.217964540884,92.4687898983875,8.00011445446035,-9.47110205341275,1648.34523213477,797.299848557464,851.04538357731,1641.98660299674,1549.51781309835,1959.51024393,16.2042348039191,20.9232093632422,2480.50728165,33.8044030290244,37.5322207452812
2028,15,lwr,9615.85166716818,10,793.085073087363,713.776565778627,706.26962844641,86.8154446409533,7.50693733221704,-9.46548811339198,1571.14307670255,721.758514691596,824.859345634071,1514.84358777896,1428.02814313801,1959.51024393,22.6927446553796,27.1232111410682,2480.50728165,38.9300890593917,42.4299959245392
2028,15,upr,10495.975206438,10,897.592330554092,807.833097498683,799.3266854232,98.2656451308918,8.50641207548279,-9.47692152208086,1725.547387567,872.841182423333,877.231421520548,1770.43351297743,1672.16786784653,1959.51024393,9.6491830822666,14.6639894827583,2480.50728165,28.6261513491806,32.5876654256693
2029,5,fit,9607.96060003995,10,803.136009808023,722.822408827221,715.210345402298,87.925664405725,7.61206342492278,-9.47792569622465,1804.58303485399,995.888653669997,808.694381183996,1799.02466347802,1711.0989990723,1959.51024393,8.19008632126922,12.6772108299618,2480.50728165,27.4735181474117,31.0181827833985
2029,5,lwr,8887.00360140101,10,687.359868586892,618.623881728203,612.167690107983,75.1921784789097,6.45619162022058,-9.39273867340196,1490.22024883019,697.171485837029,769.629393766715,1384.53135442392,1309.33917594501,1959.51024393,29.3429897234372,33.18028420617,2480.50728165,44.1835400094875,47.2148626359179
2029,5,upr,10328.9175986789,10,929.618014211765,836.656212790589,827.758453186405,101.859561025361,8.89775960418399,-9.57141478344576,2118.94582087778,1294.60582150297,847.759368601276,2224.22383571474,2122.36427468938,1959.51024393,-13.5091711107274,-8.31095582500015,2480.50728165,10.3318965370982,14.4382969407126
2029,10,fit,9230.84144215824,10,788.763051958166,709.886746762349,702.450919982725,86.3121319754414,7.43582677962468,-9.42719966555816,1585.26439612905,783.542058760184,801.72233736885,1572.30511071835,1485.99297874291,1959.51024393,19.7603015555086,24.1650824053567,2480.50728165,36.6135660092691,40.0931821593184
2029,10,lwr,8940.88135939911,10,750.900269322272,675.810242390045,668.753505198603,82.1467641236689,7.05673719144158,-9.39770230447601,1428.53771867917,630.39781700917,791.720294570282,1381.29808633144,1299.15132220777,1959.51024393,29.5079936116534,33.7002025770383,2480.50728165,44.3138870605281,47.6255791781593
2029,10,upr,9520.80152491738,10,827.549900073395,744.794910066056,736.96917546014,90.5807246132555,7.82573460591595,-9.45651084632104,1741.99107357892,936.686300511198,811.724380167418,1764.23620058459,1673.65547597134,1959.51024393,9.96545151781217,14.5880721391561,2480.50728165,28.8759918732814,32.5276934942902
2029,15,fit,9885.91771894097,10,835.917555728998,752.325800156098,744.430979566368,91.4865761626303,7.89482058973044,-9.44449669183633,1601.20665144223,757.208126484155,843.998524958095,1593.12568221315,1501.63910605052,1959.51024393,18.6977619969991,23.3666110854909,2480.50728165,35.7741985279145,39.4624189511892
2029,15,lwr,9411.00200423829,10,780.315173189464,702.283655870518,694.918690060108,85.3964831293558,7.36496581040956,-9.43845008204309,1517.88990058224,675.68373823233,815.738490155796,1455.99891142179,1370.60242829244,1959.51024393,25.6957744450655,30.0538268407542,2480.50728165,41.3023730189059,44.7450753951937
2029,15,upr,10360.8334336437,10,893.035300582882,803.731770524594,795.291881511132,97.7434190717498,8.43988901346165,-9.45078991609061,1684.52340230223,838.732514735979,872.258559760394,1731.76781531886,1634.02439624711,1959.51024393,11.6224158213319,16.6105713757379,2480.50728165,30.1849332138661,34.1253940943814
2030,5,fit,9419.49880005996,10,790.410127372168,711.369114634951,703.893109982603,86.5170173895645,7.47600465234768,-9.45838672032549,1787.52703276599,989.638582879998,797.888449885995,1780.04871025217,1693.5316928626,1959.51024393,9.15848918033241,13.5737259803221,2480.50728165,28.2385210710568,31.7263970402019
2030,5,lwr,8599.34322423366,10,660.893408028559,594.804067225703,588.615665357146,72.2777426714132,6.18840186855732,-9.36369132053729,1429.91015370602,649.820048271471,753.448396858766,1310.71345630003,1238.43571362862,1959.51024393,33.1101503367873,36.7987119503491,2480.50728165,47.1594594381452,50.0732885248849
2030,5,upr,10239.6543758862,10,933.704387974455,840.333949177009,831.404086350589,102.300301623866,8.92986282642028,-9.56390795784134,2145.14391182596,1329.45711748852,842.328502913225,2263.16150546298,2160.86120383911,1959.51024393,-15.4962834449883,-10.2755757737341,2480.50728165,8.76215029864576,12.8863188661259
2030,10,fit,8985.5844360728,10,773.663507502287,696.297156752058,689.025801444024,84.6377060582626,7.27135530803389,-9.39860189542725,1536.39802806547,746.595766498722,789.802261566729,1520.25927400101,1435.62156794275,1959.51024393,22.4163650733475,26.7356946772853,2480.50728165,38.7117592741049,42.123872057824
2030,10,lwr,8667.5462447568,10,732.510638919493,659.259575027544,652.398954273,80.1116846464933,6.86062075454402,-9.36589912832384,1364.49481796558,578.621895083424,778.831677026773,1311.13253400292,1231.02084935642,1959.51024393,33.0887634772807,37.1771159058866,2480.50728165,47.1425645994972,50.3722138425828
2030,10,upr,9303.62262738878,10,815.923648673184,734.331283805866,726.636282509704,89.2873661634806,7.6950012961621,-9.43103108811143,1708.30123816535,914.56963791402,800.772846106685,1730.4932865872,1641.20592042372,1959.51024393,11.6874590501491,16.2440755026564,2480.50728165,30.2363149913391,33.8358757273224
2030,15,fit,9715.92200107883,10,826.992828650615,744.293545785553,736.505166322925,90.4876623276899,7.78837946262854,-9.41771100402005,1554.06807074969,717.11640441083,836.95166633888,1544.10923306144,1453.62157073376,1959.51024393,21.19922629419,25.8170976530152,2480.50728165,37.7502640494438,41.3982139263536
2030,15,lwr,9205.81553716646,10,767.364913321203,690.628421989083,683.406584973321,83.9583283478828,7.22183701576262,-9.41121608558575,1464.57763728938,629.551145721103,806.597593022805,1396.91605904231,1312.95773069442,1959.51024393,28.7109591098311,32.9956179223053,2480.50728165,43.6842588862268,47.0689830097551
2030,15,upr,10226.0284649912,10,888.365257361975,799.528731625777,791.156335359153,97.2089220028216,8.37239626662404,-9.42449763454965,1643.55850421001,804.681663100557,867.305739654955,1693.04692046253,1595.83799845971,1959.51024393,13.5984654478279,18.5593439277412,2480.50728165,31.7459403168396,35.6648533037895
2025,5,fit,10361.80779996,20,851.432398961787,681.14591916943,666.848185223062,184.584213738725,14.2977339463675,-8.39628252566016,1872.80704320599,1020.88893683,851.918106375997,1872.32133579179,1687.73712205306,1959.51024393,4.44952550813649,13.8694412401677,2480.50728165,24.518611590354,31.9600013054426
2025,5,lwr,10026.9806882144,20,794.070112735563,635.256090188451,621.98091292684,172.089199808724,13.2751772616111,-8.35894529254999,1726.81056368872,882.158601008123,833.775530699506,1676.22871374369,1504.13951393496,1959.51024393,14.4567516839393,23.239007369604,2480.50728165,32.4239551262804,39.3616166716338
2025,5,upr,10696.6349117055,20,911.155316167814,728.924252934251,713.552835253137,197.602480914676,15.3714176811136,-8.43512484005666,2018.80352272326,1159.61927265187,870.060682052488,2070.77458881968,1873.17210790501,1959.51024393,-5.67817112640002,4.40610791867219,2480.50728165,16.5181007877456,24.4843132788952
2025,10,fit,10211.8694665,20,846.079114729053,676.863291783243,662.683125246268,183.395989482786,14.1801665369751,-8.37992942392636,1780.72986838335,931.327227806003,849.402640577333,1777.40634253506,1594.01035305227,1959.51024393,9.29333755508802,18.6526144484288,2480.50728165,28.3450463667759,35.7385336118846
2025,10,lwr,10030.5892277312,20,821.551427060855,657.241141648684,643.497516265916,178.053910794939,13.7436253827678,-8.36443400258973,1682.74586576061,835.582929326965,843.149460175923,1657.13435638782,1479.08044559288,1959.51024393,15.4311970799262,24.5178508163125,2480.50728165,33.1937314336156,40.3718563321847
2025,10,upr,10393.1497052689,20,870.973755898926,696.779004719141,682.154648296672,188.819107602253,14.6243564224682,-8.39540590254322,1878.71387100609,1027.07152628504,855.655820978743,1898.04528218397,1709.22617458171,1959.51024393,3.13675123344903,12.7727869820327,2480.50728165,23.4815678137655,31.0936844561586
2025,15,fit,10565.9005903895,20,870.044641984869,696.035713587895,681.439625516952,188.605016467917,14.5960880709432,-8.38812594583913,1789.76097421238,917.575014777438,872.185959434952,1787.61965676231,1599.01464029439,1959.51024393,8.77211985495666,18.3972298564053,2480.50728165,27.9333034018265,35.5367891026409
2025,15,lwr,10227.3430664442,20,830.169507306288,664.135605845031,650.214795621031,179.954711685257,13.9208102239992,-8.38431796246593,1730.3661974108,859.45797595725,852.039969076927,1689.62748326354,1509.67277157828,1959.51024393,13.7729701338628,22.9566277464068,2480.50728165,31.8837926514926,39.1385470727557
2025,15,upr,10904.4581143348,20,910.696528557309,728.557222845848,713.272041665698,197.424486891612,15.2851811801498,-8.39202780555453,1849.15575101395,975.692053597626,892.331949792976,1886.38858215494,1688.96409526332,1959.51024393,3.73162947229159,13.8068249198875,2480.50728165,23.9514999165762,31.9105366971611
2026,5,fit,10173.34599998,20,839.756725837796,671.805380670236,657.734086825935,182.022639011861,14.0712938443019,-8.37819657250343,1855.75104111799,1014.63886604,841.112175077997,1854.3955918778,1672.37295286593,1959.51024393,5.36433286724677,14.6535233461287,2480.50728165,25.2412760246252,32.5793975596196
2026,5,lwr,9745.03371950344,20,767.524723084317,614.019778467454,601.23076258194,166.293960502377,12.7890158855137,-8.33133806694895,1668.99171700713,837.174424175133,817.904114293415,1604.69914725945,1438.40518675707,1959.51024393,18.1071315023564,26.5936378126708,2480.50728165,35.3076219880304,42.0116523181393
2026,5,upr,10601.6582804565,20,915.830472309695,732.664377847756,717.227993331327,198.602478978368,15.436384516429,-8.42753379754822,2042.51036522886,1192.10330790486,864.320235862579,2107.93378021456,1909.33130123619,1959.51024393,-7.57452209011558,2.56079001624271,2480.50728165,15.0200527203296,23.0265794678044
2026,10,fit,9966.61246041462,20,832.220272221217,665.776217776973,651.869067537795,180.351204683421,13.9071502391781,-8.35545029566487,1731.86350031977,894.380935544541,837.482564775212,1726.60120776576,1546.25000308234,1959.51024393,11.8860841317736,21.0899760349723,2480.50728165,30.3932215584046,37.6639603309775
2026,10,lwr,9758.99408479915,20,804.373492466796,643.498793973437,630.085741528063,174.287750938734,13.4130524453744,-8.33757736362013,1619.64343927508,784.725984405556,830.320862174926,1589.09947687235,1414.81172593362,1959.51024393,18.9032319787597,27.7976866762346,2480.50728165,35.9365123163313,42.9628069871053
2026,10,upr,10174.2308360301,20,860.546483233044,688.437186586436,674.025984053959,186.520499179086,14.4112025324771,-8.37328535603021,1844.08356136446,1004.03588668353,844.644267375497,1864.58236991657,1678.06187073749,1959.51024393,4.84446939267016,14.3631998895825,2480.50728165,24.8306028484513,32.3500526222497
2026,15,fit,10395.9048725274,20,861.751955168363,689.40156413469,674.983678121155,186.768277047208,14.4178860135355,-8.36545013159769,1742.62239351984,877.483292704113,865.139100815737,1739.23524787248,1552.46697082527,1959.51024393,11.2413291402723,20.7727045247982,2480.50728165,29.8838886408929,37.4133274145203
2026,15,lwr,10024.1623654496,20,818.030909238801,654.424727391041,640.745127123589,177.285782115212,13.679600267452,-8.36129791243536,1677.40581531994,813.669694757193,843.018425794302,1631.70060399599,1454.41482188078,1959.51024393,16.729161837733,25.7766155402279,2480.50728165,34.2190762322371,41.36623453436
2026,15,upr,10767.6473796051,20,906.407473985565,725.125979188452,709.953224512967,196.454249472598,15.1727546754847,-8.36972063390464,1807.83897171973,941.296890651034,887.259775837172,1847.7043646366,1651.250115164,1959.51024393,5.70580733832567,15.7314885043801,2480.50728165,25.5110283970813,33.4309507019221
2027,5,fit,9984.88419999995,20,827.81297707582,662.250381660656,648.408764972528,179.404212103292,13.8416166881283,-8.36035256237624,1838.69503902999,1008.38879525,830.306243779996,1836.20177232582,1656.79756022253,1959.51024393,6.29282097330975,15.4483848525513,2480.50728165,25.9747477498069,33.2073091468432
2027,5,lwr,9460.31093113228,20,740.757581107158,592.606064885727,580.303417659736,160.454163447422,12.3026472259907,-8.30409808807002,1609.96251464065,791.040130221638,801.882290359136,1531.7977113288,1371.34354788137,1959.51024393,21.8275221538716,30.0160051661173,2480.50728165,38.2465948533775,44.7151976522651
2027,5,upr,10509.4574688676,20,920.599357392979,736.479485914383,720.975948678276,199.623408714703,15.5035372361072,-8.42034980342112,2067.42756341933,1225.73746027836,858.730197200857,2146.33681767134,1946.71340895664,1959.51024393,-9.53435044905093,0.653062927994625,2480.50728165,13.4718598268486,21.5195446770989
2027,10,fit,9721.35545432917,20,818.045354241068,654.436283392854,640.806202653715,177.239151587353,13.630080739139,-8.33088328689557,1682.99713225619,857.434643283093,825.56248897309,1675.47999752416,1498.24084593681,1959.51024393,14.4949610386413,23.5400350379424,2480.50728165,32.4541391223148,39.599417545745
2027,10,lwr,9486.71658505873,20,786.851450513545,629.481160410836,616.402865883244,170.448584630301,13.0782945275918,-8.31052323729984,1556.17219128009,733.508648443358,817.468726582354,1520.3600989569,1349.9115143266,1959.51024393,22.4112196572311,31.1097495658295,2480.50728165,38.7076945831185,45.5792158195698
2027,10,upr,9955.99432359961,20,849.849181807278,679.879345445823,665.684863775157,184.164318032121,14.1944816706657,-8.35117687616049,1809.82207323229,981.360638122829,833.656251363826,1831.20981993011,1647.04550189799,1959.51024393,6.54757607914175,15.9460632063517,2480.50728165,26.175994987928,33.6004568870931
2027,15,fit,10225.9091546652,20,853.298772824382,682.639018259506,668.401507138085,184.897265686297,14.2375111214209,-8.34262955418026,1695.48381282731,837.391570630789,858.092242196523,1690.69034345517,1505.79307776887,1959.51024393,13.7187290195372,23.1546207817291,2480.50728165,31.8409441503213,39.2949543463045
2027,15,lwr,9820.27769682056,20,805.662314805449,644.529851844359,631.094428404285,174.567886401164,13.435423440074,-8.33812330127321,1624.32193279692,767.760569944311,833.954992657888,1573.42288474976,1398.8549983486,1959.51024393,19.7032580144058,28.6120089097851,2480.50728165,36.5685036931986,43.6060918386784
2027,15,upr,10631.5406125099,20,902.045457041762,721.63636563341,706.577109515388,195.468347526374,15.0592561180221,-8.34728227965838,1766.6456928577,907.022571317267,882.229491735157,1809.06802835903,1613.59968083266,1959.51024393,7.67754167333381,17.6529091475218,2480.50728165,27.0686265772354,34.948802901344
2028,5,fit,9796.42240001994,20,815.604846229727,652.483876983782,638.875072052475,176.729774177253,13.6088049313075,-8.34276855649925,1821.63903694199,1002.13872446,819.500312481996,1817.74357068973,1641.01379651247,1959.51024393,7.23480133259955,16.2538801929786,2480.50728165,26.7188778627334,33.8436210749241
2028,5,lwr,9174.09908439508,20,713.999972441746,571.199977953397,559.379836657949,154.620135783797,11.820141295448,-8.27741019024508,1550.28403008759,744.288868406407,785.779781936816,1458.28884084815,1303.66870506436,1959.51024393,25.5789121100278,33.4696662544762,2480.50728165,41.2100560382907,47.4434638951282
2028,5,upr,10418.7457156448,20,925.231073075872,740.184858460698,724.616122917097,200.614950158775,15.5687355436004,-8.41343097775731,2092.99404379639,1259.98858051359,853.220843027176,2185.21965358946,1984.60470343069,1959.51024393,-11.5186644396805,-1.28064956937189,2480.50728165,11.9043241777592,19.9919823613436
2028,10,fit,9476.09844824369,20,803.558304840873,642.846643872699,629.497574243634,174.060730597239,13.3490696290645,-8.30622342438985,1634.13076419263,820.488351021631,813.642413170968,1624.0466558625,1449.98592526527,1959.51024393,17.1197669982418,26.0026361302828,2480.50728165,34.5276400566657,41.5447825534802
2028,10,lwr,9213.96765606925,20,769.019368719519,615.215494975616,602.475496093055,166.543872626464,12.7399988825604,-8.28327568899436,1492.44613048761,682.042324157665,804.600329249612,1451.06169287718,1284.51782025072,1959.51024393,25.9477363095112,34.4469964252656,2480.50728165,41.5014136982514,48.215519069298
2028,10,upr,9738.22924041814,20,838.855450003653,671.084360002923,657.110599161975,181.744850841679,13.9737608409484,-8.32906363121775,1775.81539789764,958.934377885598,822.684497092324,1797.78982788925,1616.04497704757,1959.51024393,8.2531038835705,17.528117954289,2480.50728165,27.5232997222493,34.8502224120624
2028,15,fit,10055.9134368031,20,844.686754439272,675.749403551418,661.694390340895,182.992364098377,14.0550132105227,-8.31966000215834,1648.34523213477,797.299848557464,851.04538357731,1641.98660299674,1458.99423889836,1959.51024393,16.2042348039191,25.542913418396,2480.50728165,33.8044030290244,41.1816183854193
2028,15,lwr,9615.85166716818,20,793.085073087363,634.468058469891,621.27938768681,171.805685400553,13.1886707830805,-8.31478944102362,1571.14307670255,721.758514691596,824.859345634071,1514.84358777896,1343.03790237841,1959.51024393,22.6927446553796,31.4605317048608,2480.50728165,38.9300890593917,45.8563209100908
2028,15,upr,10495.975206438,20,897.592330554092,718.073864443274,703.129474508925,194.462856045168,14.9443899343493,-8.32470901635487,1725.547387567,872.841182423333,877.231421520548,1770.43351297743,1575.97065693226,1959.51024393,9.6491830822666,19.5732371487129,2480.50728165,28.6261513491806,36.4657919534934
2029,5,fit,9607.96060003995,20,803.136009808023,642.508807846418,629.135848561446,174.000161246577,13.3729592849722,-8.32546363359354,1804.58303485399,995.888653669997,808.694381183996,1799.02466347802,1625.02450223144,1959.51024393,8.19008632126922,17.0698644079406,2480.50728165,27.4735181474117,34.48821883117
2029,5,lwr,8887.00360140101,20,687.359868586892,549.887894869514,538.544557537222,148.815311049671,11.3433373322923,-8.25138173662401,1490.22024883019,697.171485837029,769.629393766715,1384.53135442392,1235.71604337425,1959.51024393,29.3429897234372,36.9375053178648,2480.50728165,44.1835400094875,50.1829302209398
2029,5,upr,10328.9175986789,20,929.618014211765,743.694411369412,728.064342040229,201.553672171537,15.6300693291837,-8.40671603294856,2118.94582087778,1294.60582150297,847.759368601276,2224.22383571474,2022.6701635432,1959.51024393,-13.5091711107274,-3.22325028965018,2480.50728165,10.3318965370982,18.4573986738009
2029,10,fit,9230.84144215824,20,788.763051958166,631.010441566533,617.946214871093,170.816837087073,13.0642266954397,-8.28146466990738,1585.26439612905,783.542058760184,801.72233736885,1572.30511071835,1401.48827363128,1959.51024393,19.7603015555086,28.4776245506914,2480.50728165,36.6135660092691,43.4999330984013
2029,10,lwr,8940.88135939911,20,750.900269322272,600.720215457818,588.321604973155,162.578664349117,12.3986104846629,-8.25583036203548,1428.53771867917,630.39781700917,791.720294570282,1381.29808633144,1218.71942198232,1959.51024393,29.5079936116534,37.8048966185521,2480.50728165,44.3138870605281,50.8681376991706
2029,10,upr,9520.80152491738,20,827.549900073395,662.039920058716,648.291114254447,179.258785818948,13.7488058042692,-8.30693460481948,1741.99107357892,936.686300511198,811.724380167418,1764.23620058459,1584.97741476565,1959.51024393,9.96545151781217,19.1135938342017,2480.50728165,28.8759918732814,36.1026905064621
2029,15,fit,9885.91771894097,20,835.917555728998,668.734044583199,654.863603076949,181.053952652049,13.8704415062493,-8.29653678833975,1601.20665144223,757.208126484155,843.998524958095,1593.12568221315,1412.0717295611,1959.51024393,18.6977619969991,27.9375173497921,2480.50728165,35.7741985279145,43.073268117084
2029,15,lwr,9411.00200423829,20,780.315173189464,624.252138551571,611.31249928478,169.002673904684,12.9396392667909,-8.29129030895386,1517.88990058224,675.68373823233,815.738490155796,1455.99891142179,1286.99623751711,1959.51024393,25.6957744450655,34.3205149601103,2480.50728165,41.3023730189059,48.115603326872
2029,15,upr,10360.8334336437,20,893.035300582882,714.428240466306,699.600286978993,193.435013603889,14.8279534873129,-8.30199740012223,1684.52340230223,838.732514735979,872.258559760394,1731.76781531886,1538.33280171497,1959.51024393,11.6224158213319,21.4940158399128,2480.50728165,30.1849332138661,37.9831370343048
2030,5,fit,9419.49880005996,20,790.410127372168,632.328101897734,619.19392316321,171.216204208958,13.1341787345242,-8.3084580268415,1787.52703276599,989.638582879998,797.888449885995,1780.04871025217,1608.83250604321,1959.51024393,9.15848918033241,17.8961931417859,2480.50728165,28.2385210710568,35.1409883798836
2030,5,lwr,8599.34322423366,20,660.893408028559,528.714726422847,517.841588940696,143.051819087863,10.873137482151,-8.22609013046865,1429.91015370602,649.820048271471,753.448396858766,1310.71345630003,1167.66163721217,1959.51024393,33.1101503367873,40.4105367231813,2480.50728165,47.1594594381452,52.9264983074166
2030,5,upr,10239.6543758862,20,933.704387974455,746.963510379564,731.276945373755,202.4274426007,15.6865650058087,-8.40017740509851,2145.14391182596,1329.45711748852,842.328502913225,2263.16150546298,2060.73406286228,1959.51024393,-15.4962834449883,-5.16577135770724,2480.50728165,8.76215029864576,16.9228779086066
2030,10,fit,8985.5844360728,20,773.663507502287,618.930806001829,606.155146066697,167.508361435589,12.7756599351319,-8.25659980808526,1536.39802806547,746.595766498722,789.802261566729,1520.25927400101,1352.75091256542,1959.51024393,22.4163650733475,30.9648461009146,2480.50728165,38.7117592741049,45.4647473695144
2030,10,lwr,8667.5462447568,20,732.510638919493,586.008511135594,573.954057061961,158.556581857532,12.0544540736336,-8.22817678895065,1364.49481796558,578.621895083424,778.831677026773,1311.13253400292,1152.57595214538,1959.51024393,33.0887634772807,41.1804069044429,2480.50728165,47.1425645994972,53.5346676596447
2030,10,upr,9303.62262738878,20,815.923648673184,652.738918938547,639.219419872914,176.704228800271,13.5194990656338,-8.28478196925566,1708.30123816535,914.56963791402,800.772846106685,1730.4932865872,1553.78905778693,1959.51024393,11.6874590501491,20.7052342492148,2480.50728165,30.2363149913391,37.36002835866
2030,15,fit,9715.92200107883,20,826.992828650615,661.594262920492,647.910418273972,179.082410376642,13.6838446465196,-8.27325472026594,1554.06807074969,717.11640441083,836.95166633888,1544.10923306144,1365.0268226848,1959.51024393,21.19922629419,30.3383676143943,2480.50728165,37.7502640494438,44.9698522240659
2030,15,lwr,9205.81553716646,20,767.364913321203,613.891930656963,601.203369709502,166.161543611701,12.6885609474607,-8.26761865651624,1464.57763728938,629.551145721103,806.597593022805,1396.91605904231,1230.75451543061,1959.51024393,28.7109591098311,37.1907077677634,2480.50728165,43.6842588862268,50.3829509175267
2030,15,upr,10226.0284649912,20,888.365257361975,710.69220588958,695.982397964944,192.382859397031,14.709807924636,-8.27914408107158,1643.55850421001,804.681663100557,867.305739654955,1693.04692046253,1500.6640610655,1959.51024393,13.5984654478279,23.4163707123182,2480.50728165,31.7459403168396,39.501727240757
2025,5,fit,10361.80779996,30,851.432398961787,596.002679273251,577.456954826159,273.975444135628,18.5457244470916,-7.26059773690617,1872.80704320599,1020.88893683,851.918106375997,1872.32133579179,1598.34589165616,1959.51024393,4.44952550813649,18.4313582127281,2480.50728165,24.518611590354,35.5637492588629
2025,5,lwr,10026.9806882144,30,794.070112735563,555.849078914894,538.628913654597,255.441199080967,17.2201652602977,-7.22865020947767,1726.81056368872,882.158601008123,833.775530699506,1676.22871374369,1420.78751466272,1959.51024393,14.4567516839393,27.4927232932866,2480.50728165,32.4239551262804,42.7218970420586
2025,5,upr,10696.6349117055,30,911.155316167814,637.80872131747,617.871299486347,293.284016681467,19.9374218311228,-7.2938248387687,2018.80352272326,1159.61927265187,870.060682052488,2070.77458881968,1777.49057213822,1959.51024393,-5.67817112640002,9.28903905226461,2480.50728165,16.5181007877456,28.3416507063888
2025,10,fit,10211.8694665,30,846.079114729053,592.255380310337,573.861707241332,272.217407487721,18.393673069005,-7.24663243613861,1780.72986838335,931.327227806003,849.402640577333,1777.40634253506,1505.18893504734,1959.51024393,9.29333755508802,23.1854520939618,2480.50728165,28.3450463667759,39.3193099579976
2025,10,lwr,10030.5892277312,30,821.551427060855,575.085998942598,557.258221195057,264.293205865798,17.8277777475411,-7.23337868668019,1682.74586576061,835.582929326965,843.149460175923,1657.13435638782,1392.84115052202,1959.51024393,15.4311970799262,28.9189145687478,2480.50728165,33.1937314336156,43.848536110907
2025,10,upr,10393.1497052689,30,870.973755898926,609.681629129248,590.712162631691,280.261593267235,18.9694664975571,-7.25986914801997,1878.71387100609,1027.07152628504,855.655820978743,1898.04528218397,1617.78368891673,1959.51024393,3.13675123344903,17.439385993099,2480.50728165,23.4815678137655,34.7801274003678
2025,15,fit,10565.9005903895,30,870.044641984869,609.031249389408,590.098228751738,279.946413233131,18.9330206376699,-7.2536586913813,1789.76097421238,917.575014777438,872.185959434952,1787.61965676231,1507.67324352918,1959.51024393,8.77211985495666,23.0586699814653,2480.50728165,27.9333034018265,39.2191567151421
2025,15,lwr,10227.3430664442,30,830.169507306288,581.118655114402,563.061456773014,267.108050533274,18.0571983413876,-7.25040616503292,1730.3661974108,859.45797595725,852.039969076927,1689.62748326354,1422.51943273026,1959.51024393,13.7729701338628,27.4043380412621,2480.50728165,31.8837926514926,42.652075917954
2025,15,upr,10904.4581143348,30,910.696528557309,637.487569990117,617.660819155117,293.035709402193,19.826750835,-7.25699147604042,1849.15575101395,975.692053597626,892.331949792976,1886.38858215494,1593.35287275274,1959.51024393,3.73162947229159,18.6861677458185,2480.50728165,23.9514999165762,35.7650394925321
2026,5,fit,10173.34599998,30,839.756725837796,587.829708086457,569.577316657742,270.179409180053,18.2523914287144,-7.24511074343373,1855.75104111799,1014.63886604,841.112175077997,1854.3955918778,1584.21618269774,1959.51024393,5.36433286724677,19.1524419121977,2480.50728165,25.2412760246252,36.1333790705931
2026,5,lwr,9745.03371950344,30,767.524723084317,537.267306159022,520.6772381285,246.847484955817,16.5900680305219,-7.20500918148683,1668.99171700713,837.174424175133,817.904114293415,1604.69914725945,1357.85166230363,1959.51024393,18.1071315023564,30.7045387228841,2480.50728165,35.3076219880304,45.2591140389474
2026,5,upr,10601.6582804565,30,915.830472309695,641.081330616787,621.059481803431,294.770990506265,20.0218488133561,-7.28731987659304,2042.51036522886,1192.10330790486,864.320235862579,2107.93378021456,1813.16278970829,1959.51024393,-7.57452209011558,7.46857306181744,2480.50728165,15.0200527203296,26.9035489989693
2026,10,fit,9966.61246041462,30,832.220272221217,582.554190554852,564.514105869735,267.706166351482,18.040084685117,-7.22568502886365,1731.86350031977,894.380935544541,837.482564775212,1726.60120776576,1458.89504141428,1959.51024393,11.8860841317736,25.547975779483,2480.50728165,30.3932215584046,41.1856174659629
2026,10,lwr,9758.99408479915,30,804.373492466796,563.061444726757,545.66189049393,258.711601972866,17.3995542328274,-7.21039599795352,1619.64343927508,784.725984405556,830.320862174926,1589.09947687235,1330.38787489949,1959.51024393,18.9032319787597,32.1061025824874,2480.50728165,35.9365123163313,46.3662983478714
2026,10,upr,10174.2308360301,30,860.546483233044,602.382538263131,583.689040445571,276.857442787474,18.6934978175602,-7.24094056578613,1844.08356136446,1004.03588668353,844.644267375497,1864.58236991657,1587.7249271291,1959.51024393,4.84446939267016,18.9733795958752,2480.50728165,24.8306028484513,35.9919263743113
2026,15,fit,10395.9048725274,30,861.751955168363,603.226368617854,584.523958993977,277.227996174386,18.7024096238771,-7.23425865633736,1742.62239351984,877.483292704113,865.139100815737,1739.23524787248,1462.00725169809,1959.51024393,11.2413291402723,25.389149853798,2480.50728165,29.8838886408929,41.0601507799009
2026,15,lwr,10024.1623654496,30,818.030909238801,572.621636467161,554.876799259318,263.154109979484,17.7448372078434,-7.2307117850251,1677.40581531994,813.669694757193,843.018425794302,1631.70060399599,1368.54649401651,1959.51024393,16.729161837733,30.1587476638168,2480.50728165,34.2190762322371,44.8279590170696
2026,15,upr,10767.6473796051,30,906.407473985565,634.485231789895,614.803753726277,291.603720259288,19.6814780636186,-7.23790665474735,1807.83897171973,941.296890651034,887.259775837172,1847.7043646366,1556.10064437731,1959.51024393,5.70580733832567,20.5872666806584,2480.50728165,25.5110283970813,37.2668382838927
2027,5,fit,9984.88419999995,30,827.81297707582,579.469083953074,561.514247158117,266.298729917703,17.9548367949573,-7.22982819073508,1838.69503902999,1008.38879525,830.306243779996,1836.20177232582,1569.90304240812,1959.51024393,6.29282097330975,19.8828866921607,2480.50728165,25.9747477498069,36.7104037943465
2027,5,lwr,9460.31093113228,30,740.757581107158,518.530306775011,502.570662506407,238.186918600752,15.9596442686042,-7.18167664908245,1609.96251464065,791.040130221638,801.882290359136,1531.7977113288,1293.61079272804,1959.51024393,21.8275221538716,33.9829533050271,2480.50728165,38.2465948533775,47.848941936282
2027,5,upr,10509.4574688676,30,920.599357392979,644.419550175085,624.310449767004,296.288907625975,20.1091004080809,-7.2811624465418,2067.42756341933,1225.73746027836,858.730197200857,2146.33681767134,1850.04791004536,1959.51024393,-9.53435044905093,5.58620881027382,2480.50728165,13.4718598268486,25.416549923823
2027,10,fit,9721.35545432917,30,818.045354241068,572.631747968748,554.950531929356,263.094822311712,17.6812160393914,-7.20466004634301,1682.99713225619,857.434643283093,825.56248897309,1675.47999752416,1412.38517521245,1959.51024393,14.4949610386413,27.9215212276837,2480.50728165,32.4541391223148,43.0606317642837
2027,10,lwr,9486.71658505873,30,786.851450513545,550.796015359481,533.830141097223,253.021309416322,16.9658742622585,-7.18724152705299,1556.17219128009,733.508648443358,817.468726582354,1520.3600989569,1267.33878954058,1959.51024393,22.4112196572311,35.3236966498934,2480.50728165,38.7076945831185,48.9080802577784
2027,10,upr,9955.99432359961,30,849.849181807278,594.894427265095,576.481543124008,273.36763868327,18.412884141087,-7.22202030479904,1809.82207323229,981.360638122829,833.656251363826,1831.20981993011,1557.84218124684,1959.51024393,6.54757607914175,20.4983905507723,2480.50728165,26.175994987928,37.1966293841887
2027,15,fit,10225.9091546652,30,853.298772824382,597.309140977068,578.84017257279,274.458600251592,18.4689684042773,-7.21473298390976,1695.48381282731,837.391570630789,858.092242196523,1690.69034345517,1416.23174320358,1959.51024393,13.7187290195372,27.7252187075491,2480.50728165,31.8409441503213,42.9055599360498
2027,15,lwr,9820.27769682056,30,805.662314805449,563.963620363814,546.535009495075,259.127305310374,17.4286108687393,-7.21088333100117,1624.32193279692,767.760569944311,833.954992657888,1573.42288474976,1314.29557943939,1959.51024393,19.7032580144058,32.9273432731114,2480.50728165,36.5685036931986,47.0150485280925
2027,15,upr,10631.5406125099,30,902.045457041762,631.431819929234,611.897012015547,290.148445026215,19.5348079136866,-7.21870786783869,1766.6456928577,907.022571317267,882.229491735157,1809.06802835903,1518.91958333281,1959.51024393,7.67754167333381,22.4847337217047,2480.50728165,27.0686265772354,38.7657680116767
2028,5,fit,9796.42240001994,30,815.604846229727,570.923392360809,553.270199136314,262.334647093414,17.6531932244953,-7.21476554326532,1821.63903694199,1002.13872446,819.500312481996,1817.74357068973,1555.40892359631,1959.51024393,7.23480133259955,20.6225673780209,2480.50728165,26.7188778627334,37.2947245467598
2028,5,lwr,9174.09908439508,30,713.999972441746,499.799980709222,484.465808625578,229.534163816169,15.3341720836447,-7.1588107728747,1550.28403008759,744.288868406407,785.779781936816,1458.28884084815,1228.75467703198,1959.51024393,25.5789121100278,37.2927658409384,2480.50728165,41.2100560382907,50.4635730714472
2028,5,upr,10418.7457156448,30,925.231073075872,647.661751153111,627.467941186402,297.76313188947,20.1938099667084,-7.27523122037515,2092.99404379639,1259.98858051359,853.220843027176,2185.21965358946,1887.45652169999,1959.51024393,-11.5186644396805,3.67712914250943,2480.50728165,11.9043241777592,23.9084466446524
2028,10,fit,9476.09844824369,30,803.558304840873,562.490813388611,545.173601806967,258.384703033906,17.3172115816444,-7.18355323537006,1634.13076419263,820.488351021631,813.642413170968,1624.0466558625,1365.6619528286,1959.51024393,17.1197669982418,30.3059549160804,2480.50728165,34.5276400566657,44.9442473750701
2028,10,lwr,9213.96765606925,30,769.019368719519,538.313558103664,521.785981313303,247.233387406217,16.5275767903611,-7.16391873539799,1492.44613048761,682.042324157665,804.600329249612,1451.06169287718,1203.82830547097,1959.51024393,25.9477363095112,38.5648373515738,2480.50728165,41.5014136982514,51.4684631495943
2028,10,upr,9738.22924041814,30,838.855450003653,587.198815002558,569.071751068682,269.783698934972,18.1270639338759,-7.20309398311589,1775.81539789764,958.934377885598,822.684497092324,1797.78982788925,1528.00612895428,1959.51024393,8.2531038835705,22.0210185842302,2480.50728165,27.5232997222493,38.3994499730769
2028,15,fit,10055.9134368031,30,844.686754439272,591.28072810749,573.047966700513,271.638787738759,18.2327614069779,-7.19507806144515,1648.34523213477,797.299848557464,851.04538357731,1641.98660299674,1370.34781525798,1959.51024393,16.2042348039191,30.0668205485059,2480.50728165,33.8044030290244,44.7553399502041
2028,15,lwr,9615.85166716818,30,793.085073087363,555.159551161154,538.050524885464,255.0345482019,17.1090262756904,-7.19091677814905,1571.14307670255,721.758514691596,824.859345634071,1514.84358777896,1259.80903957706,1959.51024393,22.6927446553796,35.7079635853098,2480.50728165,38.9300890593917,49.2116371156527
2028,15,upr,10495.975206438,30,897.592330554092,628.314631387865,608.92827446563,288.664056088463,19.3863569222351,-7.19939192226524,1725.547387567,872.841182423333,877.231421520548,1770.43351297743,1481.76945688896,1959.51024393,9.6491830822666,24.3806220723235,2480.50728165,28.6261513491806,40.2634506316261
2029,5,fit,9607.96060003995,30,803.136009808023,562.195206865616,544.847615697645,258.288394110378,17.3475911679714,-7.19993913696637,1804.58303485399,995.888653669997,808.694381183996,1799.02466347802,1540.73626936764,1959.51024393,8.19008632126922,21.3713592903941,2480.50728165,27.4735181474117,37.8862428356685
2029,5,lwr,8887.00360140101,30,687.359868586892,481.151908010825,466.435869744751,220.923998842141,14.7160382660738,-7.13650347201082,1490.22024883019,697.171485837029,769.629393766715,1384.53135442392,1163.60735558178,1959.51024393,29.3429897234372,40.6174395267235,2480.50728165,44.1835400094875,53.0899439727601
2029,5,upr,10328.9175986789,30,929.618014211765,650.732609948236,630.459108589755,299.158905622011,20.2735013584809,-7.26947378691918,2118.94582087778,1294.60582150297,847.759368601276,2224.22383571474,1925.06493009273,1959.51024393,-13.5091711107274,1.7578532158215,2480.50728165,10.3318965370982,22.3922886929726
2029,10,fit,9230.84144215824,30,788.763051958166,552.134136370716,535.185922916993,253.577129041173,16.9482134537229,-7.16235943170667,1585.26439612905,783.542058760184,801.72233736885,1572.30511071835,1318.72798167718,1959.51024393,19.7603015555086,32.7011437800737,2480.50728165,36.6135660092691,46.8363591821437
2029,10,lwr,8940.88135939911,30,750.900269322272,525.630188525591,509.544949872992,241.35531944928,16.0852386525983,-7.14042388394935,1428.53771867917,630.39781700917,791.720294570282,1381.29808633144,1139.94276688216,1959.51024393,29.5079936116534,41.8251182705792,2480.50728165,44.3138870605281,54.0439661147099
2029,10,upr,9520.80152491738,30,827.549900073395,579.284930051376,561.44919677321,266.100703300185,17.8357332781663,-7.18415218892319,1741.99107357892,936.686300511198,811.724380167418,1764.23620058459,1498.13549728441,1959.51024393,9.96545151781217,23.5454113125868,2480.50728165,28.8759918732814,39.603664606545
2029,15,fit,9885.91771894097,30,835.917555728998,585.142289010299,567.148436703292,268.769119025706,17.9938523070065,-7.17528986907254,1601.20665144223,757.208126484155,843.998524958095,1593.12568221315,1324.35656318745,1959.51024393,18.6977619969991,32.4138994787129,2480.50728165,35.7741985279145,46.6094466650183
2029,15,lwr,9411.00200423829,30,780.315173189464,546.220621232625,529.4341528068,250.881020382664,16.7864684258249,-7.17080696047974,1517.88990058224,675.68373823233,815.738490155796,1455.99891142179,1205.11789103913,1959.51024393,25.6957744450655,38.4990257248086,2480.50728165,41.3023730189059,51.4164743657797
2029,15,upr,10360.8334336437,30,893.035300582882,625.124710408018,605.888848274101,287.146452308782,19.235862133917,-7.17995586563478,1684.52340230223,838.732514735979,872.258559760394,1731.76781531886,1444.62136301008,1959.51024393,11.6224158213319,26.2764066947289,2480.50728165,30.1849332138661,41.7610513100717
2030,5,fit,9419.49880005996,30,790.410127372168,553.287089160517,536.24893029175,254.161197080418,17.0381588687673,-7.1853662964454,1787.52703276599,989.638582879998,797.888449885995,1780.04871025217,1525.88751317175,1959.51024393,9.15848918033241,22.1291382426548,2480.50728165,28.2385210710568,38.4848605581698
2030,5,lwr,8599.34322423366,30,660.893408028559,462.625385619992,448.518970620163,212.374437408396,14.1064149998283,-7.11482105306898,1429.91015370602,649.820048271471,753.448396858766,1310.71345630003,1098.33901889163,1959.51024393,33.1101503367873,43.9482890026233,2480.50728165,47.1594594381452,55.7211935229219
2030,5,upr,10239.6543758862,30,933.704387974455,653.593071582118,633.246159301807,300.458228672648,20.3469122803112,-7.2638665736062,2145.14391182596,1329.45711748852,842.328502913225,2263.16150546298,1962.70327679033,1959.51024393,-15.4962834449883,-0.162950557172039,2480.50728165,8.76215029864576,20.8749237984593
2030,10,fit,8985.5844360728,30,773.663507502287,541.564455251601,524.990093742013,248.673413760274,16.5743615095874,-7.14107246404685,1536.39802806547,746.595766498722,789.802261566729,1520.25927400101,1271.58586024074,1959.51024393,22.4163650733475,35.1069552108879,2480.50728165,38.7117592741049,48.7368624294103
2030,10,lwr,8667.5462447568,30,732.510638919493,512.757447243645,497.118166352731,235.392472566762,15.6392808909136,-7.11674800791184,1364.49481796558,578.621895083424,778.831677026773,1311.13253400292,1075.74006143616,1959.51024393,33.0887634772807,45.1015852165872,2480.50728165,47.1425645994972,56.632255450563
2030,10,upr,9303.62262738878,30,815.923648673184,571.146554071229,553.607814485248,262.315834187936,17.5387395859809,-7.16518823564827,1708.30123816535,914.56963791402,800.772846106685,1730.4932865872,1468.17745239927,1959.51024393,11.6874590501491,25.0742650135532,2480.50728165,30.2363149913391,40.8114032456032
2030,15,fit,9715.92200107883,30,826.992828650615,578.89498005543,561.14267602541,265.850152625205,17.7523040300207,-7.1553639543996,1554.06807074969,717.11640441083,836.95166633888,1544.10923306144,1278.25908043624,1959.51024393,21.19922629419,34.7663996962548,2480.50728165,37.7502640494438,48.4678359990155
2030,15,lwr,9205.81553716646,30,767.364913321203,537.155439324843,520.694201160652,246.670712160552,16.4612381641909,-7.1505476635819,1464.57763728938,629.551145721103,806.597593022805,1396.91605904231,1150.24534688175,1959.51024393,28.7109591098311,41.2993450559963,2480.50728165,43.6842588862268,53.6286244595651
2030,15,upr,10226.0284649912,30,888.365257361975,621.855680153382,602.772536848135,285.59272051384,19.0831433052471,-7.16039682518088,1643.55850421001,804.681663100557,867.305739654955,1693.04692046253,1407.45419994869,1959.51024393,13.5984654478279,28.173164477778,2480.50728165,31.7459403168396,43.2594207499172
2025,5,fit,10361.80779996,40,851.432398961787,510.859439377072,489.909784746858,361.522614214929,20.9496546302143,-6.15129711288873,1872.80704320599,1020.88893683,851.918106375997,1872.32133579179,1510.79872157686,1959.51024393,4.44952550813649,22.8991669598626,2480.50728165,24.518611590354,39.0931551480109
2025,5,lwr,10026.9806882144,40,794.070112735563,476.442067641338,456.988902168593,337.08121056697,19.4531654727447,-6.12451128708544,1726.81056368872,882.158601008123,833.775530699506,1676.22871374369,1339.14750317672,1959.51024393,14.4567516839393,31.6590710701814,2480.50728165,32.4239551262804,46.0131597644038
2025,5,upr,10696.6349117055,40,911.155316167814,546.693189700688,524.172531663084,386.98278450473,22.5206580376046,-6.17914905340264,2018.80352272326,1159.61927265187,870.060682052488,2070.77458881968,1683.79180431495,1959.51024393,-5.67817112640002,14.0707832719499,2480.50728165,16.5181007877456,32.1190541639967
2025,10,fit,10211.8694665,40,846.079114729053,507.647468837432,486.869083402878,359.210031326175,20.778385434554,-6.13961066785345,1780.72986838335,931.327227806003,849.402640577333,1777.40634253506,1418.19631120888,1959.51024393,9.29333755508802,27.6249605940032,2480.50728165,28.3450463667759,42.8263596845595
2025,10,lwr,10030.5892277312,40,821.551427060855,492.930856236513,472.791336947451,348.760090113404,20.1395192890615,-6.12850231455131,1682.74586576061,835.582929326965,843.149460175923,1657.13435638782,1308.37426627442,1959.51024393,15.4311970799262,33.2295265958734,2480.50728165,33.1937314336156,47.2537623270308
2025,10,upr,10393.1497052689,40,870.973755898926,522.584253539355,501.155846261504,369.817909637422,21.4284072778515,-6.1507040633318,1878.71387100609,1027.07152628504,855.655820978743,1898.04528218397,1528.22737254654,1959.51024393,3.13675123344903,22.0097278245647,2480.50728165,23.4815678137655,38.3905306849175
2025,15,fit,10565.9005903895,40,870.044641984869,522.026785190921,500.63930619922,369.405335785649,21.3874789917014,-6.14551195410766,1789.76097421238,917.575014777438,872.185959434952,1787.61965676231,1418.21432097666,1959.51024393,8.77211985495666,27.6240414986409,2480.50728165,27.9333034018265,42.8256336327592
2025,15,lwr,10227.3430664442,40,830.169507306288,498.101704383773,477.703478422016,352.466028884273,20.3982259617574,-6.14278944909246,1730.3661974108,859.45797595725,852.039969076927,1689.62748326354,1337.16145437927,1959.51024393,13.7729701338628,31.7604254164321,2480.50728165,31.8837926514926,46.0932259997316
2025,15,upr,10904.4581143348,40,910.696528557309,546.417917134386,524.020969080119,386.675559477191,22.396948054267,-6.14830169874134,1849.15575101395,975.692053597626,892.331949792976,1886.38858215494,1499.71302267774,1959.51024393,3.73162947229159,23.4649052066237,2480.50728165,23.9514999165762,39.5400677203352
2026,5,fit,10173.34599998,40,839.756725837796,503.854035502677,483.235310486347,356.521415351449,20.6187250163302,-6.13830302929685,1855.75104111799,1014.63886604,841.112175077997,1854.3955918778,1497.87417652635,1959.51024393,5.36433286724677,23.5587473366709,2480.50728165,25.2412760246252,39.6141995789675
2026,5,lwr,9745.03371950344,40,767.524723084317,460.514833850591,441.772878749641,325.751844334676,18.7419551009496,-6.10467472162803,1668.99171700713,837.174424175133,817.904114293415,1604.69914725945,1278.94730292477,1959.51024393,18.1071315023564,34.7312775278116,2480.50728165,35.3076219880304,48.4400907674806
2026,5,upr,10601.6582804565,40,915.830472309695,549.498283385817,526.882078780751,388.948393528945,22.6162046050664,-6.1736875133749,2042.51036522886,1192.10330790486,864.320235862579,2107.93378021456,1718.98538668561,1959.51024393,-7.57452209011558,12.274743548265,2480.50728165,15.0200527203296,30.7002483160555
2026,10,fit,9966.61246041462,40,832.220272221217,499.33216333273,478.952598195652,353.267674025565,20.3795651370784,-6.12204659551396,1731.86350031977,894.380935544541,837.482564775212,1726.60120776576,1373.33353374019,1959.51024393,11.8860841317736,29.9144498991835,2480.50728165,30.3932215584046,44.6349726969288
2026,10,lwr,9758.99408479915,40,804.373492466796,482.624095480078,462.967681540697,341.4058109261,19.6564139393812,-6.10923101129932,1619.64343927508,784.725984405556,830.320862174926,1589.09947687235,1247.69366594625,1959.51024393,18.9032319787597,36.3262493875064,2480.50728165,35.9365123163313,49.7000603394196
2026,10,upr,10174.2308360301,40,860.546483233044,516.327889939827,495.210653352193,365.335829880851,21.1172365876337,-6.13483321327888,1844.08356136446,1004.03588668353,844.644267375497,1864.58236991657,1499.24654003572,1959.51024393,4.84446939267016,23.4887112899788,2480.50728165,24.8306028484513,39.558873657551
2026,15,fit,10395.9048725274,40,861.751955168363,517.051173101018,495.92360469865,365.828350469713,21.1275684023676,-6.12924875761953,1742.62239351984,877.483292704113,865.139100815737,1739.23524787248,1373.40689740276,1959.51024393,11.2413291402723,29.9107059196458,2480.50728165,29.8838886408929,44.6320150897041
2026,15,lwr,10024.1623654496,40,818.030909238801,490.818545543281,470.772601225507,347.258308013294,20.0459443177735,-6.1262796097848,1677.40581531994,813.669694757193,843.018425794302,1631.70060399599,1284.4422959827,1959.51024393,16.729161837733,34.450850667327,2480.50728165,34.2190762322371,48.2185637798932
2026,15,upr,10767.6473796051,40,906.407473985565,543.844484391339,521.611024643309,384.796449342256,22.2334597480296,-6.1323026304789,1807.83897171973,941.296890651034,887.259775837172,1847.7043646366,1462.90791529434,1959.51024393,5.70580733832567,25.3431861442924,2480.50728165,25.5110283970813,41.023841126512
2027,5,fit,9984.88419999995,40,827.81297707582,496.687786245492,476.404784730053,351.408192345767,20.283001515439,-6.12547824119856,1838.69503902999,1008.38879525,830.306243779996,1836.20177232582,1484.79357998005,1959.51024393,6.29282097330975,24.2262915144477,2480.50728165,25.9747477498069,40.1415351221066
2027,5,lwr,9460.31093113228,40,740.757581107158,444.454548664295,426.424236239845,314.333344867313,18.0303124244498,-6.08509210175792,1609.96251464065,791.040130221638,801.882290359136,1531.7977113288,1217.46436646148,1959.51024393,21.8275221538716,37.8689460678842,2480.50728165,38.2465948533775,50.9187344271111
2027,5,upr,10509.4574688676,40,920.599357392979,552.359614435787,529.644684262166,390.954673130813,22.714930173621,-6.16851673619099,2067.42756341933,1225.73746027836,858.730197200857,2146.33681767134,1755.38214454053,1959.51024393,-9.53435044905093,10.4173019774612,2480.50728165,13.4718598268486,29.2329372493166
2027,10,fit,9721.35545432917,40,818.045354241068,490.827212544641,470.852457472995,347.192896768073,19.9747550716462,-6.10441553395824,1682.99713225619,857.434643283093,825.56248897309,1675.47999752416,1328.28710075609,1959.51024393,14.4949610386413,32.2133117256856,2480.50728165,32.4541391223148,46.4509896591584
2027,10,lwr,9486.71658505873,40,786.851450513545,472.110870308127,452.943756316654,333.907694196891,19.167113991473,-6.08981338820798,1556.17219128009,733.508648443358,817.468726582354,1520.3600989569,1186.45240476001,1959.51024393,22.4112196572311,39.4515844744726,2480.50728165,38.7076945831185,52.1689610211183
2027,10,upr,9955.99432359961,40,849.849181807278,509.909509084367,489.108710310288,360.74047149699,20.8007987740788,-6.11896770019951,1809.82207323229,981.360638122829,833.656251363826,1831.20981993011,1470.46934843312,1959.51024393,6.54757607914175,24.9573023163207,2480.50728165,26.175994987928,40.7190069825161
2027,15,fit,10225.9091546652,40,853.298772824382,511.979263694629,491.114815863065,362.183956961317,20.8644478315641,-6.11287877588986,1695.48381282731,837.391570630789,858.092242196523,1690.69034345517,1328.50638649385,1959.51024393,13.7187290195372,32.202120881522,2480.50728165,31.8409441503213,46.4421493005999
2027,15,lwr,9820.27769682056,40,805.662314805449,483.397388883269,463.708110925407,341.954203880042,19.6892779578625,-6.10965586823342,1624.32193279692,767.760569944311,833.954992657888,1573.42288474976,1231.46868086972,1959.51024393,19.7032580144058,37.1542616485699,2480.50728165,36.5685036931986,50.3541598132072
2027,15,upr,10631.5406125099,40,902.045457041762,541.227274225057,519.158888694679,382.886568347084,22.0683855303787,-6.1162066052501,1766.6456928577,907.022571317267,882.229491735157,1809.06802835903,1426.18146001195,1959.51024393,7.67754167333381,27.2174532166981,2480.50728165,27.0686265772354,42.5044437255887
2028,5,fit,9796.42240001994,40,815.604846229727,489.362907737837,469.420273981141,346.184572248587,19.9426337566956,-6.11283572212813,1821.63903694199,1002.13872446,819.500312481996,1817.74357068973,1471.55899844114,1959.51024393,7.23480133259955,24.9016940330061,2480.50728165,26.7188778627334,40.6750784677286
2028,5,lwr,9174.09908439508,40,713.999972441746,428.399983465048,411.075785050316,302.924187391431,17.3241984147322,-6.06589603760301,1550.28403008759,744.288868406407,785.779781936816,1458.28884084815,1155.36465345672,1959.51024393,25.5789121100278,41.0380906639447,2480.50728165,41.2100560382907,53.4222430224761
2028,5,upr,10418.7457156448,40,925.231073075872,555.138643845523,532.327867236975,392.903205838897,22.8107766085479,-6.16353505419867,2092.99404379639,1259.98858051359,853.220843027176,2185.21965358946,1792.31644775057,1959.51024393,-11.5186644396805,8.5324277684872,2480.50728165,11.9043241777592,27.7439553993835
2028,10,fit,9476.09844824369,40,803.558304840873,482.134982904524,462.570864831402,340.987440009472,19.5641180731224,-6.0867139183499,1634.13076419263,820.488351021631,813.642413170968,1624.0466558625,1283.05921585303,1959.51024393,17.1197669982418,34.5214336170183,2480.50728165,34.5276400566657,48.2743217347236
2028,10,lwr,9213.96765606925,40,769.019368719519,461.411621231712,442.739054763869,326.28031395565,18.6725664678427,-6.07025233282943,1492.44613048761,682.042324157665,804.600329249612,1451.06169287718,1124.78137892153,1959.51024393,25.9477363095112,42.5988518097426,2480.50728165,41.5014136982514,54.6551873787146
2028,10,upr,9738.22924041814,40,838.855450003653,503.313270002192,482.834810375112,356.020639628542,20.4784596270803,-6.1030954817636,1775.81539789764,958.934377885598,822.684497092324,1797.78982788925,1441.76918826071,1959.51024393,8.2531038835705,26.4219621853523,2480.50728165,27.5232997222493,41.8760348366458
2028,15,fit,10055.9134368031,40,844.686754439272,506.812052663563,486.213862817484,358.472891621788,20.598189846079,-6.09639897211147,1648.34523213477,797.299848557464,851.04538357731,1641.98660299674,1283.51371137495,1959.51024393,16.2042348039191,34.4982392742827,2480.50728165,33.8044030290244,48.255999050276
2028,15,lwr,9615.85166716818,40,793.085073087363,475.851043852418,456.522244612175,336.562828475188,19.3287992402428,-6.09291483856789,1571.14307670255,721.758514691596,824.859345634071,1514.84358777896,1178.28075930377,1959.51024393,22.6927446553796,39.8686093653378,2480.50728165,38.9300890593917,52.4983954685271
2028,15,upr,10495.975206438,40,897.592330554092,538.555398332455,516.654106182068,380.938224372024,21.9012921503871,-6.10001094173434,1725.547387567,872.841182423333,877.231421520548,1770.43351297743,1389.4952886054,1959.51024393,9.6491830822666,29.0896644756179,2480.50728165,28.6261513491806,43.9834223070239
2029,5,fit,9607.96060003995,40,803.136009808023,481.881605884814,462.283836997232,340.852172810791,19.5977688875822,-6.10038917700464,1804.58303485399,995.888653669997,808.694381183996,1799.02466347802,1458.17249066723,1959.51024393,8.19008632126922,25.5848498274389,2480.50728165,27.4735181474117,41.2147466183904
2029,5,lwr,8887.00360140101,40,687.359868586892,412.415921152135,395.789610736694,291.570257850198,16.6263104154409,-6.04716363846718,1490.22024883019,697.171485837029,769.629393766715,1384.53135442392,1092.96109657372,1959.51024393,29.3429897234372,44.2227413732894,2480.50728165,44.1835400094875,55.9380008815495
2029,5,upr,10328.9175986789,40,929.618014211765,557.770808527059,534.869860069774,394.748154141991,22.9009484572848,-6.1586985480006,2118.94582087778,1294.60582150297,847.759368601276,2224.22383571474,1829.47568157274,1959.51024393,-13.5091711107274,6.63607463957207,2480.50728165,10.3318965370982,26.2459056215388
2029,10,fit,9230.84144215824,40,788.763051958166,473.2578311749,454.110016767989,334.653035190177,19.1478144069109,-6.06893742023507,1585.26439612905,783.542058760184,801.72233736885,1572.30511071835,1237.65207552817,1959.51024393,19.7603015555086,36.8387034789911,2480.50728165,36.6135660092691,50.104880373304
2029,10,lwr,8940.88135939911,40,750.900269322272,450.540161593363,432.366739012959,318.533530309313,18.173422580404,-6.05054470043223,1428.53771867917,630.39781700917,791.720294570282,1381.29808633144,1062.76455602213,1959.51024393,29.5079936116534,45.7637662617856,2480.50728165,44.3138870605281,57.1553543146548
2029,10,upr,9520.80152491738,40,827.549900073395,496.529940044037,476.380064310998,351.169835762397,20.149875733039,-6.0872086780664,1741.99107357892,936.686300511198,811.724380167418,1764.23620058459,1413.0663648222,1959.51024393,9.96545151781217,27.8867579692696,2480.50728165,28.8759918732814,43.033170058576
2029,15,fit,9885.91771894097,40,835.917555728998,501.550533437399,481.221667261253,354.695888467745,20.3288661761456,-6.07980596795126,1601.20665144223,757.208126484155,843.998524958095,1593.12568221315,1238.42979374541,1959.51024393,18.6977619969991,36.7990140606967,2480.50728165,35.7741985279145,50.0735271810361
2029,15,lwr,9411.00200423829,40,780.315173189464,468.189103913679,449.224161080677,331.091012108788,18.9649428330019,-6.07605217885376,1517.88990058224,675.68373823233,815.738490155796,1455.99891142179,1124.90789931301,1959.51024393,25.6957744450655,42.5923950743484,2480.50728165,41.3023730189059,54.6500867933461
2029,15,upr,10360.8334336437,40,893.035300582882,535.821180349729,514.089297909571,378.946002673311,21.7318824401584,-6.08371315948375,1684.52340230223,838.732514735979,872.258559760394,1731.76781531886,1352.82181264555,1959.51024393,11.6224158213319,30.9612278457741,2480.50728165,30.1849332138661,45.461889079976
2030,5,fit,9419.49880005996,40,790.410127372168,474.246076423301,454.997524826741,335.412602545427,19.2485515965597,-6.0881531403685,1787.52703276599,989.638582879998,797.888449885995,1780.04871025217,1444.63610770674,1959.51024393,9.15848918033241,26.2756542262636,2480.50728165,28.2385210710568,41.7604568874401
2030,5,lwr,8599.34322423366,40,660.893408028559,396.536044817135,380.598070093453,280.295337935106,15.9379747236821,-6.02895055770985,1429.91015370602,649.820048271471,753.448396858766,1310.71345630003,1030.41811836492,1959.51024393,33.1101503367873,47.4145071934753,2480.50728165,47.1594594381452,58.4593794185718
2030,5,upr,10239.6543758862,40,933.704387974455,560.222632784673,537.238612391868,396.465775582587,22.9840203928048,-6.15398746349087,2145.14391182596,1329.45711748852,842.328502913225,2263.16150546298,1866.69572988039,1959.51024393,-15.4962834449883,4.73661795528371,2480.50728165,8.76215029864576,24.7454041481915
2030,10,fit,8985.5844360728,40,773.663507502287,464.198104501372,445.472102710597,328.191404791689,18.7260017907746,-6.05108086693595,1536.39802806547,746.595766498722,789.802261566729,1520.25927400101,1192.06786920932,1959.51024393,22.4163650733475,39.165009578184,2480.50728165,38.7117592741049,51.9425773095747
2030,10,lwr,8667.5462447568,40,732.510638919493,439.506383351696,421.836225617737,310.674413301756,17.6701577339591,-6.03068296728899,1364.49481796558,578.621895083424,778.831677026773,1311.13253400292,1000.45812070116,1959.51024393,33.0887634772807,48.9434605509059,2480.50728165,47.1425645994972,59.6671967826005
2030,10,upr,9303.62262738878,40,815.923648673184,489.554189203911,469.739314690357,346.184333982828,19.8148745135539,-6.07130169157859,1708.30123816535,914.56963791402,800.772846106685,1730.4932865872,1384.30895260438,1959.51024393,11.6874590501491,29.354339591101,2480.50728165,30.2363149913391,44.1925059908087
2030,15,fit,9715.92200107883,40,826.992828650615,496.195697190369,476.139149470967,350.853679179648,20.056547719402,-6.0630960222859,1554.06807074969,717.11640441083,836.95166633888,1544.10923306144,1193.2555538818,1959.51024393,21.19922629419,39.1043982761427,2480.50728165,37.7502640494438,51.894696592543
2030,15,lwr,9205.81553716646,40,767.364913321203,460.418947992722,441.8208995951,325.544013726104,18.5980483976224,-6.05906266847962,1464.57763728938,629.551145721103,806.597593022805,1396.91605904231,1071.3720453162,1959.51024393,28.7109591098311,45.3244988825649,2480.50728165,43.6842588862268,56.8083491130274
2030,15,upr,10226.0284649912,40,888.365257361975,533.019154417185,511.459201778813,376.906055583162,21.5599526383721,-6.06731084418897,1643.55850421001,804.681663100557,867.305739654955,1693.04692046253,1316.14086487937,1959.51024393,13.5984654478279,32.8331725258188,2480.50728165,31.7459403168396,46.9406570738268
2025,5,fit,10361.80779996,50,851.432398961787,425.716199480894,404.143271270007,447.28912769178,21.5729282108865,-5.06744357794979,1872.80704320599,1020.88893683,851.918106375997,1872.32133579179,1425.03220810001,1959.51024393,4.44952550813649,27.2761031735176,2480.50728165,24.518611590354,42.5507750514606
2025,5,lwr,10026.9806882144,50,794.070112735563,397.035056367782,377.002243537137,417.067869198426,20.0328128306444,-5.04560302909063,1726.81056368872,882.158601008123,833.775530699506,1676.22871374369,1259.16084454526,1959.51024393,14.4567516839393,35.741043026145,2480.50728165,32.4239551262804,49.2377686669122
2025,5,upr,10696.6349117055,50,911.155316167814,455.577658083907,432.388080651454,478.767235516359,23.1895774324526,-5.09014808364059,2018.80352272326,1159.61927265187,870.060682052488,2070.77458881968,1592.00735330332,1959.51024393,-5.67817112640002,18.754833855301,2480.50728165,16.5181007877456,35.8192832135392
2025,10,fit,10211.8694665,50,846.079114729053,423.039557364527,401.642500616761,444.436614112293,21.397056747766,-5.05793285173295,1780.72986838335,931.327227806003,849.402640577333,1777.40634253506,1332.96972842276,1959.51024393,9.29333755508802,31.974342438274,2480.50728165,28.3450463667759,46.2622126415976
2025,10,lwr,10030.5892277312,50,821.551427060855,410.775713530428,390.036146564897,431.515280495958,20.7395669655302,-5.04887856861915,1682.74586576061,835.582929326965,843.149460175923,1657.13435638782,1225.61907589186,1959.51024393,15.4311970799262,37.4527854759383,2480.50728165,33.1937314336156,50.589982744312
2025,10,upr,10393.1497052689,50,870.973755898926,435.486877949463,413.420869295335,457.552886603591,22.0660086541279,-5.06697440759367,1878.71387100609,1027.07152628504,855.655820978743,1898.04528218397,1440.49239558037,1959.51024393,3.13675123344903,26.487120950625,2480.50728165,23.4815678137655,41.9275078837028
2025,15,fit,10565.9005903895,50,870.044641984869,435.022320992435,412.99821749914,457.046424485729,22.0241034932944,-5.06275251418134,1789.76097421238,917.575014777438,872.185959434952,1787.61965676231,1330.57323227658,1959.51024393,8.77211985495666,32.0966432097861,2480.50728165,27.9333034018265,46.3588257885904
2025,15,lwr,10227.3430664442,50,830.169507306288,415.084753653144,394.07923997034,436.090267335948,21.0055136828038,-5.06053607075063,1730.3661974108,859.45797595725,852.039969076927,1689.62748326354,1253.53721592759,1959.51024393,13.7729701338628,36.0280345657448,2480.50728165,31.8837926514926,49.4644815114691
2025,15,upr,10904.4581143348,50,910.696528557309,455.348264278655,432.284766571367,478.411761985943,23.063497707288,-5.06502374480866,1849.15575101395,975.692053597626,892.331949792976,1886.38858215494,1407.97682016899,1959.51024393,3.73162947229159,28.1464935164029,2480.50728165,23.9514999165762,43.238351663599
2026,5,fit,10173.34599998,50,839.756725837796,419.878362918898,398.645780053988,441.110945783807,21.2325828649095,-5.05684139504248,1855.75104111799,1014.63886604,841.112175077997,1854.3955918778,1413.28464609399,1959.51024393,5.36433286724677,27.875618386179,2480.50728165,25.2412760246252,43.0243701943947
2026,5,lwr,9745.03371950344,50,767.524723084317,383.762361542159,364.46135225047,403.063370833847,19.3010092916883,-5.02941695848618,1668.99171700713,837.174424175133,817.904114293415,1604.69914725945,1201.6357764256,1959.51024393,18.1071315023564,38.6767290373742,2480.50728165,35.3076219880304,51.5568534986807
2026,5,upr,10601.6582804565,50,915.830472309695,457.915236154848,434.627090674317,481.203381635378,23.2881454805305,-5.08568914982672,2042.51036522886,1192.10330790486,864.320235862579,2107.93378021456,1626.73039857918,1959.51024393,-7.57452209011558,16.9828071265092,2480.50728165,15.0200527203296,34.4194467553791
2026,10,fit,9966.61246041462,50,832.220272221217,416.110136110608,395.12315945095,437.097112770267,20.9869766596584,-5.04361101506061,1731.86350031977,894.380935544541,837.482564775212,1726.60120776576,1289.50409499549,1959.51024393,11.8860841317736,34.1925310679031,2480.50728165,30.3932215584046,48.0145007218955
2026,10,lwr,9758.99408479915,50,804.373492466796,402.186746233398,381.944027405728,422.429465061069,20.2427188276705,-5.03316407545742,1619.64343927508,784.725984405556,830.320862174926,1589.09947687235,1166.67001181128,1959.51024393,18.9032319787597,40.4611425010259,2480.50728165,35.9365123163313,52.9664750254138
2026,10,upr,10174.2308360301,50,860.546483233044,430.273241616522,408.527087247844,452.0193959852,21.7461543686779,-5.05403363848014,1844.08356136446,1004.03588668353,844.644267375497,1864.58236991657,1412.56297393137,1959.51024393,4.84446939267016,27.9124475971948,2480.50728165,24.8306028484513,43.0534639272755
2026,15,fit,10395.9048725274,50,861.751955168363,430.875977584181,409.118920434169,452.633034734194,21.7570571500121,-5.04949411939806,1742.62239351984,877.483292704113,865.139100815737,1739.23524787248,1286.60221313828,1959.51024393,11.2413291402723,34.3406232693191,2480.50728165,29.8838886408929,48.1314881574364
2026,15,lwr,10024.1623654496,50,818.030909238801,409.015454619401,388.37213103437,429.658778204431,20.6433235850303,-5.04707666956972,1677.40581531994,813.669694757193,843.018425794302,1631.70060399599,1202.04182579156,1959.51024393,16.729161837733,38.6560070550719,2480.50728165,34.2190762322371,51.540483888764
2026,15,upr,10767.6473796051,50,906.407473985565,453.203736992782,430.307972099914,476.09950188565,22.8957648928679,-5.05198060474787,1807.83897171973,941.296890651034,887.259775837172,1847.7043646366,1371.60486275095,1959.51024393,5.70580733832567,30.0026694425413,2480.50728165,25.5110283970813,44.704662917233
2027,5,fit,9984.88419999995,50,827.81297707582,413.90648853791,393.019212639679,434.793764436141,20.8872758982315,-5.04637556468708,1838.69503902999,1008.38879525,830.306243779996,1836.20177232582,1401.40800788968,1959.51024393,6.29282097330975,28.4817207651331,2480.50728165,25.9747477498069,43.5031689583479
2027,5,lwr,9460.31093113228,50,740.757581107158,370.378790553579,351.810093622216,388.947487484942,18.5686969313633,-5.01343419357516,1609.96251464065,791.040130221638,801.882290359136,1531.7977113288,1142.85022384385,1959.51024393,21.8275221538716,41.6767415539635,2480.50728165,38.2465948533775,53.9267539225426
2027,5,upr,10509.4574688676,50,920.599357392979,460.29967869649,436.909703318398,483.689654074581,23.3899753780912,-5.0814668053492,2067.42756341933,1225.73746027836,858.730197200857,2146.33681767134,1662.64716359676,1959.51024393,-9.53435044905093,15.1498611070209,2480.50728165,13.4718598268486,32.9714862803875
2027,10,fit,9721.35545432917,50,818.045354241068,409.022677120534,388.451973636468,429.5933806046,20.5707034840658,-5.02923300705009,1682.99713225619,857.434643283093,825.56248897309,1675.47999752416,1245.88661691956,1959.51024393,14.4949610386413,36.4184688097977,2480.50728165,32.4541391223148,49.772910318134
2027,10,lwr,9486.71658505873,50,786.851450513545,393.425725256772,373.686264401558,413.165186111986,19.7394608552141,-5.01732845312315,1556.17219128009,733.508648443358,817.468726582354,1520.3600989569,1107.19491284492,1959.51024393,22.4112196572311,43.4963447486591,2480.50728165,38.7076945831185,55.3641740528
2027,10,upr,9955.99432359961,50,849.849181807278,424.924590903639,403.503734707174,446.345447100104,21.4208561964647,-5.04109591560973,1809.82207323229,981.360638122829,833.656251363826,1831.20981993011,1384.86437283,1959.51024393,6.54757607914175,29.3259947418027,2480.50728165,26.175994987928,44.1701145941079
2027,15,fit,10225.9091546652,50,853.298772824382,426.649386412191,405.162693983875,448.136078840507,21.4866924283158,-5.03614750486416,1695.48381282731,837.391570630789,858.092242196523,1690.69034345517,1242.55426461466,1959.51024393,13.7187290195372,36.5885292784898,2480.50728165,31.8409441503213,49.9072518832465
2027,15,lwr,9820.27769682056,50,805.662314805449,402.831157402724,382.554557593907,423.107757211542,20.2765998088174,-5.03352321095316,1624.32193279692,767.760569944311,833.954992657888,1573.42288474976,1150.31512753822,1959.51024393,19.7032580144058,41.295783928583,2480.50728165,36.5685036931986,53.6258112988468
2027,15,upr,10631.5406125099,50,902.045457041762,451.022728520881,428.296336874322,473.74912016744,22.7263916465587,-5.03885729242279,1766.6456928577,907.022571317267,882.229491735157,1809.06802835903,1335.31890819159,1959.51024393,7.67754167333381,31.8544563710231,2480.50728165,27.0686265772354,46.1675070228638
2028,5,fit,9796.42240001994,50,815.604846229727,407.802423114864,387.265261982793,428.339584246935,20.5371611320709,-5.03605667058196,1821.63903694199,1002.13872446,819.500312481996,1817.74357068973,1389.40398644279,1959.51024393,7.23480133259955,29.0943239135,2480.50728165,26.7188778627334,43.9871030929375
2028,5,lwr,9174.09908439508,50,713.999972441746,356.999986220873,339.157973492622,374.841998949124,17.8420127282507,-4.99776286187641,1550.28403008759,744.288868406407,785.779781936816,1458.28884084815,1083.44684189903,1959.51024393,25.5789121100278,44.7082838553543,2480.50728165,41.2100560382907,56.3215617259412
2028,5,upr,10418.7457156448,50,925.231073075872,462.615536537936,439.126703619811,486.104369456061,23.4888329181248,-5.07739819849276,2092.99404379639,1259.98858051359,853.220843027176,2185.21965358946,1699.1152841334,1959.51024393,-11.5186644396805,13.2887776730552,2480.50728165,11.9043241777592,31.5012982746347
2028,10,fit,9476.09844824369,50,803.558304840873,401.779152420437,381.630747871269,421.927556969605,20.1484045491681,-5.01479592153753,1634.13076419263,820.488351021631,813.642413170968,1624.0466558625,1202.1190988929,1959.51024393,17.1197669982418,38.6520635645198,2480.50728165,34.5276400566657,51.5373686751177
2028,10,lwr,9213.96765606925,50,769.019368719519,384.50968435976,365.278916809655,403.740451909864,19.2307675501046,-5.00137404396601,1492.44613048761,682.042324157665,804.600329249612,1451.06169287718,1047.32124096732,1959.51024393,25.9477363095112,46.5518874314834,2480.50728165,41.5014136982514,57.7779412818069
2028,10,upr,9738.22924041814,50,838.855450003653,419.427725001827,398.338263839849,440.517186163804,21.0894611619775,-5.02815143226061,1775.81539789764,958.934377885598,822.684497092324,1797.78982788925,1357.27264172545,1959.51024393,8.2531038835705,30.734087972753,2480.50728165,27.5232997222493,45.2824568681529
2028,15,fit,10055.9134368031,50,844.686754439272,422.343377219636,401.130293384,443.556461055272,21.2130838356364,-5.02271018792482,1648.34523213477,797.299848557464,851.04538357731,1641.98660299674,1198.43014194146,1959.51024393,16.2042348039191,38.8403226952318,2480.50728165,33.8044030290244,51.6860865191944
2028,15,lwr,9615.85166716818,50,793.085073087363,396.542536543682,376.636605115825,416.448467971538,19.9059314278563,-5.01987292494748,1571.14307670255,721.758514691596,824.859345634071,1514.84358777896,1098.39511980742,1959.51024393,22.6927446553796,43.9454259956061,2480.50728165,38.9300890593917,55.7189318518435
2028,15,upr,10495.975206438,50,897.592330554092,448.796165277046,426.241233535928,471.351097018165,22.5549317411184,-5.02565161785531,1725.547387567,872.841182423333,877.231421520548,1770.43351297743,1299.08241595926,1959.51024393,9.6491830822666,33.7037190806506,2480.50728165,28.6261513491806,47.6283570877031
2029,5,fit,9607.96060003995,50,803.136009808023,401.568004904012,381.385615036599,421.750394771424,20.1823898674129,-5.02589589333373,1804.58303485399,995.888653669997,808.694381183996,1799.02466347802,1377.2742687066,1959.51024393,8.19008632126922,29.7133417407234,2480.50728165,27.4735181474117,44.4761045897656
2029,5,lwr,8887.00360140101,50,687.359868586892,343.679934293446,326.556198875017,360.803669711876,17.1237354184294,-4.98246586715434,1490.22024883019,697.171485837029,769.629393766715,1384.53135442392,1023.72768471205,1959.51024393,29.3429897234372,47.7559411652345,2480.50728165,44.1835400094875,58.7290997980431
2029,5,upr,10328.9175986789,50,929.618014211765,464.809007105883,441.227165982718,488.390848229047,23.5818411231647,-5.07344753708545,2118.94582087778,1294.60582150297,847.759368601276,2224.22383571474,1735.83298748569,1959.51024393,-13.5091711107274,11.4149572393,2480.50728165,10.3318965370982,30.021048503795
2029,10,fit,9230.84144215824,50,788.763051958166,394.381525979083,374.661281404065,414.101770554101,19.7202445750179,-5.00029622991618,1585.26439612905,783.542058760184,801.72233736885,1572.30511071835,1158.20334016425,1959.51024393,19.7603015555086,40.8932235107201,2480.50728165,36.6135660092691,53.307803257331
2029,10,lwr,8940.88135939911,50,750.900269322272,375.450134661136,356.732825572111,394.167443750161,18.7173090890246,-4.9852982756067,1428.53771867917,630.39781700917,791.720294570282,1381.29808633144,987.130642581281,1959.51024393,29.5079936116534,49.6236038755537,2480.50728165,44.3138870605281,60.2044851920509
2029,10,upr,9520.80152491738,50,827.549900073395,413.774950036698,393.02333451262,434.526565560776,20.751615524078,-5.01519377193751,1741.99107357892,936.686300511198,811.724380167418,1764.23620058459,1329.70963502382,1959.51024393,9.96545151781217,32.1407153066499,2480.50728165,28.8759918732814,46.3936411370132
2029,15,fit,9885.91771894097,50,835.917555728998,417.958777864499,397.022472832387,438.895082896611,20.9363050321118,-5.00917940737671,1601.20665144223,757.208126484155,843.998524958095,1593.12568221315,1154.23059931654,1959.51024393,18.6977619969991,41.0959650304449,2480.50728165,35.7741985279145,53.4679616602954
2029,15,lwr,9411.00200423829,50,780.315173189464,390.157586594732,370.625820792928,409.689352396537,19.5317658018045,-5.00612226261608,1517.88990058224,675.68373823233,815.738490155796,1455.99891142179,1046.30955902526,1959.51024393,25.6957744450655,46.603516758005,2480.50728165,41.3023730189059,57.8187265659117
2029,15,upr,10360.8334336437,50,893.035300582882,446.517650291441,424.136571255677,468.898729327205,22.3810790357643,-5.01236155416394,1684.52340230223,838.732514735979,872.258559760394,1731.76781531886,1262.86908599166,1959.51024393,11.6224158213319,35.5517997467142,2480.50728165,30.1849332138661,49.0882733812572
2030,5,fit,9419.49880005996,50,790.410127372168,395.205063686084,375.38195277855,415.028174593618,19.8231109075343,-5.01590509054815,1787.52703276599,989.638582879998,797.888449885995,1780.04871025217,1365.02053565855,1959.51024393,9.15848918033241,30.3386884612117,2480.50728165,28.2385210710568,44.9701056813446
2030,5,lwr,8599.34322423366,50,660.893408028559,330.44670401428,314.031471107,346.861936921559,16.4152329072792,-4.96758863316422,1429.91015370602,649.820048271471,753.448396858766,1310.71345630003,963.851519378471,1959.51024393,33.1101503367873,50.811611096997,2480.50728165,47.1594594381452,61.142967549068
2030,5,upr,10239.6543758862,50,933.704387974455,466.852193987227,443.184661128561,490.519726845894,23.6675328586665,-5.0695987217132,2145.14391182596,1329.45711748852,842.328502913225,2263.16150546298,1772.64177861708,1959.51024393,-15.4962834449883,9.53648830833029,2480.50728165,8.76215029864576,28.5371265897698
2030,10,fit,8985.5844360728,50,773.663507502287,386.831753751143,367.545368055988,406.118139446299,19.2863856951552,-4.9857297153435,1536.39802806547,746.595766498722,789.802261566729,1520.25927400101,1114.14113455471,1959.51024393,22.4163650733475,43.1418571040391,2480.50728165,38.7117592741049,55.0841417480702
2030,10,lwr,8667.5462447568,50,732.510638919493,366.255319459746,348.055744667191,384.454894252302,18.1995747925557,-4.9690950071118,1364.49481796558,578.621895083424,778.831677026773,1311.13253400292,926.677639750615,1959.51024393,33.0887634772807,52.7087116476581,2480.50728165,47.1425645994972,62.6416077628202
2030,10,upr,9303.62262738878,50,815.923648673184,407.961824336592,387.554682987985,428.368965685199,20.4071413486068,-5.00221837712191,1708.30123816535,914.56963791402,800.772846106685,1730.4932865872,1302.12432090201,1959.51024393,11.6874590501491,33.5484810586925,2480.50728165,30.2363149913391,47.5057247146701
2030,15,fit,9715.92200107883,50,826.992828650615,413.496414325307,392.839985490872,434.152843159743,20.6564288344357,-4.99555210609028,1554.06807074969,717.11640441083,836.95166633888,1544.10923306144,1109.9563899017,1959.51024393,21.19922629419,43.3554178479022,2480.50728165,37.7502640494438,55.2528469433328
2030,15,lwr,9205.81553716646,50,767.364913321203,383.682456660602,364.528004149856,402.836909171347,19.1544525107453,-4.99226695884325,1464.57763728938,629.551145721103,806.597593022805,1396.91605904231,994.079149870959,1959.51024393,28.7109591098311,49.2689995905696,2480.50728165,43.6842588862268,59.9243607456894
2030,15,upr,10226.0284649912,50,888.365257361975,444.182628680987,421.978005132426,466.387252229548,22.2046235485611,-4.99898512791874,1643.55850421001,804.681663100557,867.305739654955,1693.04692046253,1226.65966823298,1959.51024393,13.5984654478279,37.3996807603929,2480.50728165,31.7459403168396,50.5480319567123
