Country,Year,Energy_in_kt,Industrial_processes_and_product_use_in_kt,Agriculture_in_kt,LULUCF_in_kt,Waste_in_kt,Other_in_kt,Total_CH4_without_Agriculture_in_kt,Total_CH4_in_kt,total_CH4_wo_Cat_EnterFe_in_kt,share_total_of_Cat_enterfe_in_procent,share_agric_of_Cat_enterfe_in_procent
DEU,1990,1649.74448964,14.19674157,1646.87658071,301.82904806,1463.80928617,,3429.57956544,5076.45614615,3809.94195038,24.948786305,76.9040139743794
DEU,1991,1547.87196338,13.91868953,1472.45508574,272.7069906,1516.34799304,,3350.84563655,4823.30072229,3696.43692595,23.3629180766691,76.5295870314225
DEU,1992,1415.00050953,14.95988171,1446.39901683,253.67787609,1534.7664291,,3218.40469643,4664.80371326,3566.74059196,23.5393210260634,75.9170262509283
DEU,1993,1452.25700791,16.39804118,1452.28775471,354.64992284,1522.20463092,,3345.50960285,4797.79735756,3698.16222191,22.9195827522244,75.7174418143862
DEU,1994,1311.05000089,17.87933513,1461.41091597,298.94804536,1480.93102706,,3108.80840844,4570.21932441,3462.72719177,24.232800529392,75.7823908756635
DEU,1995,1260.36553455,18.08380107,1466.51167667,289.99478875,1432.73283222,,3001.17695659,4467.68863326,3358.13494114,24.8350720741785,75.6593834042602
DEU,1996,1213.26946944,17.46292641,1471.68921664,271.10040692,1365.734881,,2867.56768377,4339.25690041,3229.83468301,25.5671015305679,75.3842730418934
DEU,1997,1185.10318704,18.42934231,1433.62361725,265.79961592,1245.07805357,,2714.41019884,4148.03381609,3071.03708744,25.9640296198259,75.124092243675
DEU,1998,1072.80708338,19.28058399,1431.565883,372.08251883,1152.08518023,,2616.25536643,4047.82124943,2978.0830018,26.4275070886748,74.7250448151397
DEU,1999,1112.39558279,20.92592227,1420.45749763,283.62853085,1079.02520834,,2495.97524425,3916.43274188,2853.13998172,27.1495217775549,74.8556547403973
DEU,2000,1036.27109545,22.72527415,1400.42837093,289.65282874,1009.84388174,,2358.49308008,3758.92145101,2714.40433909,27.7876812679697,74.5855435095445
DEU,2001,941.24268112,22.28826093,1421.29186391,338.91981335,937.19490056,,2239.64565596,3660.93751987,2600.66498846,28.9617762022786,74.5992120501676
DEU,2002,887.70366722,20.88300159,1371.13098366,353.228237,874.40354314,,2136.21844895,3507.34943261,2490.73339986,28.9853079165107,74.1443410487536
DEU,2003,818.43227607,23.16510309,1359.37645983,237.15781919,810.28318193,,1889.03838028,3248.41484011,2245.86823274,30.8626409099908,73.7504758244361
DEU,2004,706.39998492,23.08540798,1321.47741526,295.41517071,717.70457597,,1742.60513958,3064.08255484,2089.60890929,31.8031132683005,73.7412258656174
DEU,2005,634.08574746,23.87038615,1315.7676996,284.31864827,654.602086,,1596.87686788,2912.64456748,1945.24144527,33.2139092085304,73.523853983047
DEU,2006,569.06339458,23.22407274,1291.36351783,255.77812809,587.47017067,,1435.53576608,2726.89928391,1780.05012836,34.7225569032512,73.3216590430772
DEU,2007,525.45346643,23.25614015,1299.09717238,335.30303981,532.57067699,,1416.58332338,2715.68049576,1766.04805118,34.9684893367487,73.0994158689634
DEU,2008,518.6821688,21.85607745,1306.78144982,266.91204366,482.63502939,,1290.0853193,2596.86676912,1636.61453056,36.9773393836989,73.4822367345563
DEU,2009,464.39996239,20.57031426,1310.07014639,264.5431918,432.67452804,,1182.18799649,2492.25814288,1530.69600003,38.5819641354984,73.3977600741196
DEU,2010,470.35838401,21.30657631,1298.86909583,302.12732078,387.84590472,,1181.63818582,2480.50728165,1521.61508423,38.657100687169,73.8251607108452
DEU,2011,453.39190365,21.21858336,1290.98263951,297.37760588,355.7375849,,1127.72567779,2418.7083173,1471.96129745,39.1426702045186,73.3353796461077
DEU,2012,490.07227658,20.55366215,1296.67474513,276.48816839,326.07369167,,1113.18779879,2409.86254392,1463.74489284,39.2602330563219,72.9649169642111
DEU,2013,462.1688402,20.3455558,1319.38034254,282.97594978,297.66358545,,1063.15393123,2382.53427377,1423.13438105,40.2680416094034,72.7159456440753
DEU,2014,414.44024312,21.12331186,1334.59080934,271.31391238,275.01467562,,981.89214298,2316.48295232,1348.85786245,41.7713020033627,72.5035031785153
DEU,2015,417.59292933,21.20179911,1332.45164268,274.89164641,252.8162108,,966.50258565,2298.95422833,1332.55714823,42.0363775925199,72.5277412811963
DEU,2016,384.43541303,21.42538296,1322.93211877,263.84642892,233.53113786,,903.23836277,2226.17048154,1269.53667433,42.9721719492134,72.3116321417484
DEU,2017,374.52909563,21.74980115,1315.76519793,330.1451492,219.70350665,,946.12755263,2261.89275056,1313.72906378,41.9190382278405,72.0617697041751
DEU,2018,326.91301105,20.53442282,1298.06864906,223.65271618,205.78396458,,776.88411463,2074.95276369,1141.19972198,45.001171016995,71.9340261692769
DEU,2019,256.3565426,20.25142223,1286.76939807,262.8839426,186.84215036,,726.33405779,2013.10345586,1090.09999812,45.8497776183933,71.7302928655589
DEU,2020,246.21448308,21.35112607,1269.1840662,253.272221,169.48834758,,690.32617773,1959.51024393,1051.44237992,46.3415726875087,71.547373481358
DEU,2021,247.42940385,21.522838,1236.1272303,296.26032837,161.73412035,,726.94669057,1963.07392087,1072.26197907,45.3784206661565,72.0647454375555
DEU,2022,238.57096305,18.03053527,1218.53485798,238.47821202,152.86851176,,647.9482221,1866.48308008,983.45251471,47.3098617819858,72.4665822719118
DEU,2023,223.3621752,15.74201096,1220.02457494,345.41695986,145.53589613,,730.05704215,1950.08161709,1069.43171359,45.1596433596531,72.1829643098222
DEU,2024,223.24808912,15.98937426,1197.14534572,305.00922495,139.33435133,,683.58103966,1880.72638538,1021.60715871,45.6801815164844,71.7639866989834
