"Year","Animal","ø_GE_MJ_per_head_per_day","Ym_in_percent","CH4_emission_in_kg_CH4_per_head_per_year","Weight_kg","Digestibility_of_feed_in_percent","Population_size_1000s","Ch4_emission_in_kt","Milk_yield_kg_per_day","Pregnant_in_percent"
1990,"Cattle",155.777263847172,6.22961227900629,62.2092908361066,409.674754091129,65.3167707714528,101088.450771948,6288.64083424356,21.9178019177491,0.288951366124859
1990,"Dairy cattle",199.547879004794,6.53676278883145,79.2811166148949,468.768419455143,66.6397611542452,19512.3505454128,1546.96093902158,18.3580405097839,0.341827438189809
1990,"Non-dairy cattle",145.307682877107,6.1561443343354,58.1258466886064,395.540022099848,65.0003220561359,81576.1002265352,4741.67989522198,3.55976140796516,0.276303832708446
1991,"Cattle",156.479319704843,6.21096523844985,62.254447534786,411.424811653395,65.3877886024258,101143.694941027,6296.64485018056,22.2267768436444,0.288916582660326
1991,"Dairy cattle",200.773366298765,6.48859478784027,78.9157905277126,468.465622896647,66.6401948292278,19411.0245340661,1531.83634605865,18.6670154356792,0.341923713936479
1991,"Non-dairy cattle",145.959746309448,6.1450298668565,58.2974773783496,397.877957244103,65.0903495505262,81732.6704069609,4764.80850412191,3.55976140796516,0.276327703322863
1992,"Cattle",157.76754909266,6.20525081934016,62.7770665212906,417.811542075682,65.409494508048,103348.090791999,6487.8899704977,22.8964685433328,0.284496825966293
1992,"Dairy cattle",203.303974739647,6.44420700799858,79.1929889658731,468.172925825458,66.6298436064301,19076.825883357,1510.75086168457,19.3367071353676,0.339625744849534
1992,"Non-dairy cattle",147.459284889438,6.15115734382713,59.0609279949556,406.411032660273,65.1332391641656,84271.2649086419,4977.13910881313,3.55976140796516,0.2720170704077
1993,"Cattle",158.088326370047,6.21274325645526,63.0212381950972,420.315740745105,65.3906459822527,104512.885166898,6586.5314305599,23.0850700232148,0.283259022107415
1993,"Dairy cattle",203.979600752399,6.41380335884158,78.9136946800422,468.104399836999,66.6257129377613,18990.6367644308,1498.62131140788,19.5253086152496,0.338708737352483
1993,"Non-dairy cattle",147.897942712794,6.16809686977153,59.4922399047364,409.704033461609,65.1163932776063,85522.2484024669,5087.91011915202,3.55976140796516,0.270946139546673
1994,"Cattle",158.556696684988,6.18558737552707,62.9366637351323,421.950851451366,65.5629160718764,106543.661997847,6705.50262826812,23.6519670958342,0.284985286601219
1994,"Dairy cattle",205.022188892918,6.38492808591511,78.8070354318388,468.067893169923,66.9240510155643,18713.976504305,1474.79300944536,20.092205687869,0.338338674227973
1994,"Non-dairy cattle",148.65623849077,6.14311361110914,59.5551445895515,412.12463802114,65.2728974157441,87829.6854935424,5230.70961882275,3.55976140796516,0.273617216263024
1995,"Cattle",158.880860827559,6.17584754321448,62.9707721411506,423.17788394258,65.6295844805073,109041.908025086,6866.45314408402,23.9331165358378,0.282043323590087
1995,"Dairy cattle",206.034516147186,6.360590374151,78.7312921451829,467.860429601101,66.9227226617768,18680.6537635394,1470.75200892023,20.3733551278726,0.338043779405904
1995,"Non-dairy cattle",149.132643896422,6.13765510234782,59.7125524568988,413.940526941045,65.3622501364887,90361.254261547,5395.7011351638,3.55976140796516,0.270466180994571
1996,"Cattle",159.431256725896,6.17018133099826,63.1358294079975,425.052548090425,65.681681082795,108147.990911336,6828.01310499576,23.967051283406,0.284817963703581
1996,"Dairy cattle",206.470706991451,6.33863142570585,78.4798103019971,467.798994221527,66.9229835536451,18555.5217474709,1456.2338267961,20.4072898754408,0.338101697455912
1996,"Non-dairy cattle",149.688902814485,6.13529358401594,59.9579331648362,416.199319485217,65.4245945753239,89592.4691638649,5371.77927819966,3.55976140796516,0.273782354464823
1997,"Cattle",160.119792121542,6.15627406826703,63.2543324297341,425.551328512311,65.7835119138492,105709.28014629,6686.56994728129,24.5116034459802,0.285090702616593
1997,"Dairy cattle",208.438324506443,6.32082061344984,78.8717749733953,467.610308457658,66.921976496813,18366.7448038228,1448.61776316089,20.951842038015,0.337878130625975
1997,"Non-dairy cattle",149.95917392871,6.12167254918044,59.9702328720203,416.706994553645,65.544110934916,87342.5353424668,5237.9521841204,3.55976140796516,0.273990346812895
1998,"Cattle",160.655590256488,6.14455170086042,63.3336767982964,427.354833994194,65.8670676408869,104264.808441053,6603.47367924194,24.9017661235089,0.284464786762336
1998,"Dairy cattle",209.900095070272,6.30226034585344,79.1102415155173,467.609081901835,66.9215509819682,18137.4489423687,1434.85796630615,21.3420047155437,0.337783666240325
1998,"Non-dairy cattle",150.285253850599,6.11134004183615,60.0113104943703,418.877744131135,65.6450053615976,86127.3594986844,5168.6157129358,3.55976140796516,0.273236433079775
1999,"Cattle",162.050359423191,6.10394088638447,63.4303554086764,427.151551984435,65.9441935371493,104257.101933663,6613.06502953084,25.619871216853,0.283135635390886
1999,"Dairy cattle",217.504493264615,6.28270477574962,81.6311260263923,467.548447434551,65.915271431758,18072.0209694026,1475.23942130491,22.0601098088878,0.336390047925058
1999,"Non-dairy cattle",150.422264880495,6.06645615328411,59.6138629881488,418.68078728241,65.9502581702536,86185.0809642603,5137.82560822593,3.55976140796516,0.271968797125341
2000,"Cattle",162.402822470114,6.10759448582199,63.5376237885113,424.801397618061,66.100473380663,102952.359145949,6541.34826355499,26.1581070174978,0.285895170777718
2000,"Dairy cattle",219.855040677752,6.27078310282253,82.2261850217977,467.294684257235,65.9184714877048,18142.2024967036,1491.76409919687,22.5983456095326,0.337100459611297
2000,"Non-dairy cattle",150.112905580578,6.07268592001159,59.5398518746052,415.711427248749,66.1394063967932,84810.1566492453,5049.58416435813,3.55976140796516,0.27494156857223
2001,"Cattle",162.309078046068,6.116820960789,63.5939763474273,425.390863471488,66.0560436945364,102163.813848344,6497.00316143459,26.115255704603,0.286827605550229
2001,"Dairy cattle",221.693688840796,6.23312559170227,82.6068853975706,471.80883187354,65.9348781429328,17926.5809741059,1480.85902009824,22.5554942966378,0.34074273330889
2001,"Non-dairy cattle",149.671399935051,6.092070095731,59.5478266579004,415.512625062883,66.081829015326,84237.2328742385,5016.14414133635,3.55976140796516,0.275353891724208
2002,"Cattle",162.968343477122,6.10730194878846,63.7201952802424,426.41460626525,66.0935261630431,102092.757209596,6505.37042609381,26.6692923689896,0.284796738228039
2002,"Dairy cattle",224.157832978635,6.21951933766818,83.2836297551587,471.705987908114,65.931817323697,17832.9470134924,1485.19255651506,23.1095309610244,0.340063232140585
2002,"Non-dairy cattle",150.018054109943,6.08355199320195,59.5797433900571,416.829030329044,66.12775060714,84259.8101961033,5020.17786957876,3.55976140796516,0.273100005761278
2003,"Cattle",164.670526323127,6.09217000965229,64.2878043125324,432.802470871866,66.1645073675868,101279.540370337,6511.03927219147,26.8558675118456,0.286289550130029
2003,"Dairy cattle",224.622187965698,6.20976560929247,83.22281283851,471.646897107357,65.9305254384641,17918.7594908953,1491.24956740905,23.2961061038804,0.339776433915169
2003,"Non-dairy cattle",151.783658005442,6.06689232817055,60.2176425391472,424.452693867231,66.2148027927128,83360.780879442,5019.78970478242,3.55976140796516,0.274792313703592
2004,"Cattle",164.443045025455,6.09777372231153,64.2740198983042,434.966083571416,66.2355009650104,99314.7946386389,6383.36108679987,27.1061554056306,0.287758364239534
2004,"Dairy cattle",222.182615474878,6.1952651694507,82.0722118120013,471.30163193276,66.6282841743538,17642.3099397161,1447.94339822536,23.5463939976654,0.339279551286259
2004,"Non-dairy cattle",151.970553201434,6.07671431248408,60.4293809202502,427.117136543742,66.1506547264774,81672.4846989228,4935.41768857452,3.55976140796516,0.276629123422493
2005,"Cattle",165.425924557227,6.09344813170701,64.6044755661951,436.48626401573,66.2446643368426,99986.2378634689,6459.55846100625,27.8390146628657,0.286926505217392
2005,"Dairy cattle",224.686879262109,6.18302889486947,82.8045171098538,470.728988162767,66.6180008882528,17793.4431946766,1473.37747145681,24.2792532549005,0.336996664130413
2005,"Non-dairy cattle",152.596862892483,6.07405530990201,60.6644537351719,429.073254525099,66.1638428640264,82192.7946687924,4986.18098954943,3.55976140796516,0.276087105827733
2006,"Cattle",166.554595439122,6.06988683451968,64.8000620131325,440.385044772329,66.383232098098,101341.021654928,6566.90448771353,28.2671715583202,0.283943098067245
2006,"Dairy cattle",226.559870854871,6.17035264708805,83.2876196974796,470.690464380798,66.6107955198104,18077.6693365023,1505.64604871539,24.707410150355,0.335397073988804
2006,"Non-dairy cattle",153.526588552453,6.04807426405905,60.7861477837485,433.805303030839,66.3338248117439,83263.3523184256,5061.25843899814,3.55976140796516,0.272771701085761
2007,"Cattle",169.007099565819,6.10697266288617,66.084175075974,442.011397541405,66.0516462496746,100990.442357579,6673.87007375831,28.6506493893354,0.284795602718157
2007,"Dairy cattle",235.496235765883,6.15920269736417,86.3579707640914,470.435930414743,65.1081694380682,18189.9240790303,1570.84493181794,25.0908879813702,0.33481376687113
2007,"Non-dairy cattle",154.400520226656,6.09549857574817,61.6303526600319,435.766991036502,66.2589127249365,82800.5182785487,5103.02514194037,3.55976140796516,0.27380742743338
2008,"Cattle",169.972783931759,6.11681038776273,66.5249247160399,443.739624492113,66.0232733664355,99954.0161817038,6649.43340155368,28.8904531597802,0.287041215010746
2008,"Dairy cattle",236.026369550866,6.15293579493991,86.3974588785207,470.50643521029,65.2074579107589,18422.4170494047,1591.6500194689,25.330691751815,0.33465543546574
2008,"Non-dairy cattle",155.047690902378,6.10864769594532,62.0346397704975,437.691547974779,66.207610393058,81531.5991322991,5057.78338208478,3.55976140796516,0.276282576200279
2009,"Cattle",170.054300779511,6.11607386059456,66.494776080564,443.700776384803,66.0215672625492,99553.9000952521,6619.81429478062,29.0940325819979,0.284232349239219
2009,"Dairy cattle",236.874091192307,6.14478641685998,86.5487409097432,470.511473958467,65.2084961071029,18560.4843814227,1606.3865538871,25.5342711740327,0.334885915273917
2009,"Non-dairy cattle",154.741850188358,6.10949407941829,61.8992012709684,437.556825926789,66.207890982183,80993.4157138293,5013.42774089353,3.55976140796516,0.27262455726052
2010,"Cattle",170.021200438929,6.10543100509652,66.3773138688964,442.506588162621,66.0781382392134,98781.7885555923,6556.8697834855,29.8154093208575,0.282305270614796
2010,"Dairy cattle",238.842609608564,6.12997512036377,87.0899176194787,469.879218399146,65.1897990712969,18297.4462969609,1593.52309064916,26.2556479128923,0.33073516936651
2010,"Non-dairy cattle",154.375225047641,6.09985110447976,61.6684755512686,436.283648175736,66.2800947659402,80484.3422586313,4963.34669283635,3.55976140796516,0.271295135640602
2011,"Cattle",170.786212319152,6.08796911424628,66.4532746370077,442.787603977929,66.1891307526119,97379.0193057095,6471.15471380479,30.0545271245651,0.283083876758489
2011,"Dairy cattle",240.551353454711,6.12610957048768,87.6069820477154,469.719477192477,65.1893733823673,18441.8621811029,1615.63588902632,26.4947657165999,0.330640666334019
2011,"Non-dairy cattle",154.487181992583,6.07905846857382,61.5111944950559,436.495587490464,66.4227012067327,78937.1571246066,4855.51882477846,3.55976140796516,0.271973320069157
2012,"Cattle",172.315165678413,6.08348966216156,66.918584860248,444.537544477429,66.1959018572351,95444.2795843382,6386.99612278977,30.5353467326081,0.284790483708155
2012,"Dairy cattle",242.780890478708,6.12104243023662,88.2645301248553,469.698734349111,65.1906625002034,18586.7148155314,1640.54764975756,26.9755853246429,0.330926850766562
2012,"Non-dairy cattle",155.274210307623,6.07440815414287,61.7564255035906,438.452732110929,66.4390021598103,76857.5647688068,4746.4484730322,3.55976140796516,0.273633176034944
2013,"Cattle",173.1013292052,6.07919408813677,67.1441524756086,445.557221916149,66.2177137414369,94514.9760518977,6346.12796325711,30.6565701767612,0.282709240018513
2013,"Dairy cattle",244.050629039719,6.11625785333924,88.5936133418979,469.802407807794,65.1949015130877,18505.3118069965,1639.4524390003,27.096808768796,0.331867912524343
2013,"Non-dairy cattle",155.828013647646,6.07017054437261,61.9220670294243,439.654489293914,66.4667275924207,76009.6642449012,4706.67552425681,3.55976140796516,0.270741070289367
2014,"Cattle",173.33876199283,6.07447265480762,67.1275214907821,445.198574796223,66.249660540907,93482.2964865342,6275.23486640749,31.545701229543,0.280728527072292
2014,"Dairy cattle",245.891758302958,6.10928171563081,89.1625049097827,469.651525080398,65.1919503254968,18516.5807545852,1650.98472244309,27.9859398215778,0.331212748254362
2014,"Non-dairy cattle",155.418124511461,6.06587479404647,61.6848661926885,439.158680102977,66.5109156550264,74965.715731949,4624.2501439644,3.55976140796516,0.268258891463227
2015,"Cattle",173.616054682153,6.08414534421349,67.301077210887,445.803323854308,66.1728185349661,94961.506629302,6391.01168972081,31.662945297162,0.279827793315576
2015,"Dairy cattle",246.490649841053,6.09858096323359,89.2537197076342,469.675031678233,65.1849839045439,18812.1359575811,1679.05310985985,28.1031838891968,0.329666201327912
2015,"Non-dairy cattle",155.612927671518,6.08057913184375,61.8778400700665,439.905995890046,66.4168557372067,76149.3706717209,4711.95857986096,3.55976140796516,0.267515585096819
2016,"Cattle",173.542583063844,6.08278774349092,67.264332214464,445.195381682592,66.185627293802,98180.0073519939,6604.01263134303,32.1646109629918,0.276541204592287
2016,"Dairy cattle",249.260863208128,6.09106362915002,90.1258984188943,469.956652495578,65.1815322425204,18856.9768601127,1699.50198098195,28.6048495550266,0.328899931627903
2016,"Non-dairy cattle",155.54254136455,6.08082036802124,61.8295924897002,439.309036848664,66.4243246434867,79323.0304918812,4904.51065036107,3.55976140796516,0.264094285986012
2017,"Cattle",173.834815180511,6.06965213438088,67.2748099072636,445.551140062945,66.2741514131889,100308.508229505,6748.23582322111,32.3376066595207,0.278017016125828
2017,"Dairy cattle",250.995338437931,6.0894664017275,90.6529607687922,469.828420002842,65.1852518555902,18923.0662188034,1715.43197955844,28.7778452515555,0.329725686516915
2017,"Non-dairy cattle",155.894091938071,6.06504508570223,61.8391166690587,439.906388808111,66.5273332836193,81385.4420107013,5032.80384366266,3.55976140796516,0.26599414606796
2018,"Cattle",174.163891565165,6.06186090984745,67.2987478831214,445.033649251689,66.3244930381898,100727.429337528,6778.82987190122,32.6523989122291,0.279318698839441
2018,"Dairy cattle",253.298489469328,6.08711819226108,91.3957789144195,470.11163471585,65.1888161454926,19005.9191123963,1737.0607812619,29.0926375042639,0.330516959629846
2018,"Non-dairy cattle",155.759608988703,6.05598683990883,61.6945168628177,439.201278289373,66.5886166832492,81721.5102251316,5041.76909063931,3.55976140796516,0.267411552231441
2019,"Cattle",174.946330107178,6.05624763733413,67.5462486067708,446.428493207824,66.3667707567126,100581.185860223,6793.88178527844,32.9266269661653,0.280753853799685
2019,"Dairy cattle",254.511374684738,6.08682402554048,91.7374020255038,469.309935575963,65.1860714528485,18882.1466860419,1732.19908164197,29.3668655582001,0.329907637281776
2019,"Non-dairy cattle",156.557388719606,6.04918087310927,61.9552292756473,441.140172126565,66.6396520252443,81699.0391741811,5061.68270363648,3.55976140796516,0.269393512732466
2020,"Cattle",175.6762303462,6.0506571538332,67.7107865130547,447.154721182436,66.4011343531485,99851.3706829068,6761.01484334619,33.3728861154098,0.280285574034598
2020,"Dairy cattle",257.669853208438,6.08339361722834,92.7750839411238,469.985719775319,65.19149892789,18791.7124481271,1743.40269977244,29.8131247074446,0.331112537890082
2020,"Non-dairy cattle",156.668000889512,6.04306800011498,61.9002380819424,441.861908829115,66.6815589388615,81059.6582347797,5017.61214357374,3.55976140796516,0.268502577286485
2021,"Cattle",176.390845352468,6.03570790686236,67.7693767880691,447.817020381004,66.5243365440544,99961.2305633913,6774.31029824951,33.5710749849081,0.27720265590796
2021,"Dairy cattle",260.117784292023,6.08467611261459,93.5490027064611,470.615982345689,65.2020159620676,18859.4659206171,1764.28422845022,30.0113135769429,0.333447321704126
2021,"Non-dairy cattle",156.920919407905,6.0243208031212,61.7745630057097,442.515332457291,66.8318299760648,81101.7646427742,5010.02606979929,3.55976140796516,0.264123478624068
2022,"Cattle",176.621060526727,6.02904622419713,67.7371839560673,447.336519687471,66.5752063535481,98015.2850473236,6639.27939375693,33.7372042523848,0.276164528184874
2022,"Dairy cattle",261.303036841057,6.08340995565975,93.8545760487981,470.426042076467,65.2102965286737,18626.1558140982,1748.14995735105,30.1774428444196,0.335285609243807
2022,"Non-dairy cattle",156.753105043265,6.01629148884938,61.609561455662,441.919291335878,66.8954394045445,79389.1292332253,4891.12943640589,3.55976140796516,0.262293630766833
